tick,day,S,E,I_asymp,I_symp,R,D,belief_mean,belief_max,n_panic,official_signal,authority_perceived,n_power_fail,n_water_fail,total_outflow,expected_incidents,n_events
1,0.25,319950.0,47.5,2.5,0.0,0.0,0.0,0.0,0.0,0,0.0,0.0,0,0,0.0,0.0,0
2,0.5,319949.7344196429,45.390580357142866,4.651785714285714,0.1875,0.03571428571428571,0.0,1.0527136618839676e-05,0.0006737367436057392,0,0.0,0.0,0,0,0.0,0.0,0
3,0.75,319949.2203519756,43.63511900652445,6.505976721938775,0.5296875,0.10873086734693878,0.00013392857142857144,3.934351235041765e-05,0.0024194507916743906,0,0.0,0.0,0,0,0.0,0.0,0
4,1.0,319948.4730219607,42.200693071169155,8.106841893520468,0.9987183434311224,0.2202124544460641,0.0005122767857142857,9.18960217158302e-05,0.005439786503999569,0,0.0,0.0,0,0,0.0,0.0,0
5,1.25,319947.50592834444,41.057752033793236,9.493051378014595,1.57106297317976,0.3709796235164458,0.0012256470310222302,0.00017173300079101496,0.009801701885247979,0,0.0,0.0,0,0,0.0,0.0,0
6,1.5,319946.3309761782,40.179816598424686,10.69834510666724,2.2269324346315775,0.5615818472636602,0.002347834869007773,0.0002808783610318172,0.015481067617489484,0,0.0,0.0,0,0,0.0,0.0,0
7,1.75,319944.95860019734,39.54320174926863,11.752126552064613,2.949775016394779,0.792357983999583,0.003938500893744613,0.0004201591252162451,0.022395527511377595,0,0.0,0.0,0,0,0.0,0.0,0
8,2.0,319943.3978793399,39.12676251936301,12.679989625950848,3.725835400071239,1.063487631745752,0.0060454830483123115,0.0005894860702366227,0.030428381093361177,0,0.0,0.0,0,0,0.0,0.0,0
9,2.25,319941.65664272924,38.91166100397408,13.504185821030527,4.543769072015007,1.3750345796904004,0.008706794048363196,0.0007880897013534823,0.039445635632808014,0,0.0,0.0,0,0,0.0,0.0,0
10,2.5,319939.74156749336,38.881153189631156,14.244037994351507,5.394305541734619,1.7269834375113622,0.011952343385516775,0.0010147152952760523,0.04930790045497835,0,0.0,0.0,0,0,0.0,0.0,0
11,2.75,319937.6582688075,39.02039421604038,14.916306547194534,6.269954621963317,2.119270388534238,0.015805418772470072,0.0012677815124270354,0.05987842405295497,0,0.0,0.0,0,0,0.0,0.0,0
12,3.0,319935.4113825706,39.31626074218868,15.535513173425615,7.164750662218501,2.5518088938343038,0.020283957788158155,0.001545507316437635,0.0710282802720099,0,0.0,0.0,0,0,0.0,0.0,0
13,3.25,319933.0046411281,39.757189147518666,16.114226820050618,8.074030198003337,3.024511069489461,0.025401636832599942,0.0018460118317293616,0.0826394770180544,0,0.0,0.0,0,0,0.0,0.0,0
14,3.5,319930.440942456,40.333028362268216,16.663316025636323,8.994238988149869,3.5373053667060144,0.03116880125974518,0.0021673914544097644,0.09460657721253851,0,0.0,0.0,0,0,0.0,0.0,0
15,3.75,319927.7224132138,41.034906186394906,17.192171370032206,9.922764869067239,4.090151103086065,0.037593257679852235,0.0025077781056013636,0.10683727748709292,0,0.0,0.0,0,0,0.0,0.0,0
16,4.0,319924.85046606814,41.85510802269767,17.708901378456215,10.857793262210109,4.683050321646735,0.04468094687204312,0.002865382046661642,0.11925227766095636,0,0.0,0.0,0,0,0.0,0.0,0
17,4.25,319921.8258516739,42.78696701579703,18.22050487080037,11.798182534801107,5.316057391230606,0.05243651348790748,0.003238522205831658,0.13178468705164367,0,0.0,0.0,0,0,0.0,0.0,0
18,4.5,319918.64870568516,43.8247646537435,18.73302242955447,12.74335673815395,5.989286706674365,0.06086378672705113,0.0036256465217894187,0.14437914693556986,0,0.0,0.0,0,0,0.0,0.0,0
19,4.75,319915.3185911537,44.963640952561335,19.251669373888564,13.69321353686504,6.702918798646246,0.06996618439716111,0.004025344405518876,0.15699079773739055,0,0.0,0.0,0,0,0.0,0.0,0
20,5.0,319911.83453665307,46.19951340552722,19.78095237027658,14.64804539930436,7.457205120634931,0.07974705120920755,0.004436353063956946,0.1695841813135231,0,0.0,0.0,0,0,0.0,0.0,0
21,5.25,319908.19507045025,47.52900393807253,20.324771578921105,15.608472348528522,8.252471743471677,0.09020994078013923,0.004857559118050488,0.18213214020562316,0,0.0,0.0,0,0,0.0,0.0,0
22,5.5,319904.3982510258,48.949373165635265,20.886510027706773,16.575384775928725,9.089122155369049,0.10135884960051675,0.005287996682069503,0.19461475473497566,0,0.0,0.0,0,0,0.0,0.0,0
23,5.75,319900.44169422775,50.45846130540496,21.469111719229005,17.549895000294992,9.96763933720808,0.11319841015475153,0.005726842846528054,0.20701834351656387,0,0.0,0.0,0,0,0.0,0.0,0
24,6.0,319896.32259732427,52.054635143605914,22.07514980956809,18.533296414940917,10.888587258207393,0.12573404944067654,0.006173411319344002,0.21933454200193123,0,0.0,0.0,0,0,0.0,0.0,0
25,6.25,319892.03776020295,53.73674050771032,22.70688604803695,19.52702920726778,11.852611915724152,0.1389721183084915,0.006627144824223719,0.23155946593209567,0,0.0,5.859375e-07,0,0,0.0,0.0,0
26,6.5,319887.58360394754,55.50405973777103,23.366322533419172,20.53265176061098,12.860442024379054,0.15291999631368278,0.0070876067271534665,0.24369296126246842,0,0.0,1.6556919642857143e-06,0,0,0.0,0.0,0
27,6.75,319882.9561870055,57.35627369295324,24.055246722681012,21.55181695916702,13.912889443620712,0.16758617614269058,0.007554472257134696,0.2557379385737199,0,0.0,3.1225956881776148e-06,0,0,0.0,0.0,0
28,7.0,319878.1512191454,59.29342786839804,24.775270521375017,22.58625271482642,15.010849418944142,0.1829803311135242,0.00802751960217894,0.2676997877222944,0,0.0,4.9134019381586945e-06,0,0,0.0,0.0,0
29,7.25,319873.16407338646,61.31590223385838,25.527864189672147,23.637746121257173,16.15530069998271,0.19911336876697164,0.008506621092809889,0.27958586714779526,0,0.0,6.966500842189328e-06,0,0,0.0,0.0,0
30,7.5,319867.9897960694,63.424384439217285,26.31438571300148,24.708130716866258,17.34730558836488,0.2159974731392982,0.008991734630091914,0.2914050615699167,0,0.0,9.230354741526637e-06,0,0,0.0,0.0,0
31,7.75,319862.62311522354,65.61984606314766,27.13610621058721,25.799276405453284,18.588009959355222,0.23364613793705982,0.009482895471123102,0.30316740157372596,0,0.0,1.1662127759748598e-05,0,0,0.0,0.0,0
32,8.0,319857.05844737357,67.90352160992848,27.99423188779931,26.91308164248114,19.878643293697337,0.25207419251238367,0.009980208449981712,0.3148837386512566,0,0.0,1.422648708144803e-05,0,0,0.0,0.0,0
33,8.25,319851.28990291705,70.27688998592171,28.889922978313653,28.051467546834623,21.220518749581306,0.27129782225701293,0.010483840684614297,0.3265654695323854,0,0.0,1.6894555891000425e-05,0,0,0.0,0.0,0
34,8.5,319845.3112901921,72.74165821157344,29.824310068831736,29.21637364353548,22.615033299125,0.29133458479046626,0.010994014798702696,0.33822430402197917,0,0.0,1.9643000127299333e-05,0,0,0.0,0.0,0
35,8.75,319839.116118346,75.29974714715621,30.798508151836142,30.409754982857308,24.06366794906062,0.31220342310727733,0.01151100267099002,0.34987207100900225,0,0.0,2.245323318752081e-05,0,0,0.0,0.0,0
36,9.0,319832.69759910484,77.9532790309542,31.813628709922867,31.63358041628583,25.567988061344,0.33392467666646114,0.012035119711931693,0.3615205577890225,0,0.0,2.5310724483862303e-05,0,0,0.0,0.0,0
37,9.25,319826.0587627372,80.69445144702296,32.870790098084605,32.88983184037698,27.12964378605576,0.3565200912495225,0.012566719658086839,0.3731813783188539,0,0.0,2.8204399341905047e-05,0,0,0.0,0.0,0
38,9.5,319819.2132134615,83.5052781503748,33.97062069739249,34.18050424629129,28.750370616155873,0.38001282827836325,0.0131061898677407,0.3848658664842879,0,0.0,3.112611914608466e-05,0,0,0.0,0.0,0
39,9.75,319812.1747625864,86.36846511789031,35.11279347121548,35.507568504085334,30.431982846167394,0.4044274741685712,0.013653945879059416,0.3965849129932696,0,0.0,3.407023190338173e-05,0,0,0.0,0.0,0
40,10.0,319804.9575090397,89.26729540871796,36.296145881465755,36.872900567852014,32.17635907911345,0.4297900231000607,0.0142104243419971,0.40834869891415904,0,0.0,3.703318452590317e-05,0,0,0.0,0.0,0
41,10.25,319797.5758903985,92.18554927949232,37.518783341056505,38.27822220296724,33.985426968723495,0.45612780921995505,0.014776075025736536,0.42016638639441545,0,0.0,4.001318914025313e-05,0,0,0.0,0.0,0
42,10.5,319790.0446948298,95.10746738430248,38.77816943529393,39.72505158915479,35.8611473649853,0.4834693965077888,0.015351352453669236,0.43204580699802336,0,0.0,4.300993662894438e-05,0,0,0.0,0.0,0
43,10.75,319782.3790265941,98.0177622507148,40.07120624778638,41.214662454332014,37.805498019681345,0.5118444333571851,0.015936707596005496,0.44399317396439847,0,0.0,4.6024351407854894e-05,0,0,0.0,0.0,0
44,11.0,319774.5942192274,100.90168150490338,41.394308088198336,42.74805069240414,39.82045700912277,0.5412834779674223,0.016532579951592578,0.4560128348246679,0,0.0,4.905838215408957e-05,0,0,0.0,0.0,0
45,11.25,319766.7056923535,103.74512430354805,42.743471798425794,44.32590770286171,41.907986041759756,0.571817799890568,0.01713939027129434,0.4681070739836235,0,0.0,5.211482382977888e-05,0,0,0.0,0.0,0
46,11.5,319758.72875026544,106.53481017644432,44.11434660302947,45.948599955498594,44.07001383705171,0.6034791625354691,0.017757534111745563,0.4802759701989757,0,0.0,5.519716690765545e-05,0,0,0.0,0.0,0
47,11.75,319750.67832288897,109.25849704406352,45.502306165152625,47.61615452374371,46.308419786966006,0.636299591075111,0.01838737635731116,0.49251731072030286,0,0.0,5.830947020119248e-05,0,0,0.0,0.0,0
48,12.0,319742.56865246635,111.90524261450943,46.90252510975288,49.32825053885361,48.6250181405135,0.6703111300206425,0.019029246806967465,0.504826561721965,1,0.0,6.145625414242584e-05,0,0,0.0,0.0,0
49,12.25,319734.412932174,114.46570077611038,48.31006178425043,51.08421668855458,51.021542982369844,0.705545594691252,0.019683446991772973,0.5171962532159649,1,0.0,6.464241174038957e-05,0,0,0.042389152636703495,0.0,0
50,12.5,319726.22286099684,116.93248691447964,49.71994844946216,52.883035012067836,53.49963430624427,0.7420343208973624,0.020350347921831283,0.5296101418422562,1,0.0,6.787313479784284e-05,0,0,0.5252765418111867,0.0,0
51,12.75,319718.00774216093,119.30098140469416,51.127291683627035,54.72335132391793,56.06082550951608,0.7798079173345537,0.021030416972790095,0.5420439313146279,1,0.0,7.115385326856232e-05,0,0,1.519162060217955,0.0,0
52,13.0,319709.77372815256,121.56994634278982,52.52740399639505,56.603492795764296,58.70653268704789,0.8188960254230664,0.021724218286142963,0.5544675667667867,1,0.0,7.449018590632546e-05,0,0,2.9850760901194358,0.0,0
53,13.25,319701.5232011586,123.74197601963427,53.91595452814213,58.5214947813595,61.43804642056242,0.8593270917057552,0.022432410536212928,0.5668471175526272,1,0.0,7.788790059376736e-05,0,0,4.878026995317698,0.0,0
54,13.5,319693.25426406495,125.82381431229639,55.28912881768258,60.4751379859216,64.2565266597406,0.9011281594067265,0.024435728309595547,0.6593510374195029,1,0.0,8.135288294809482e-05,1,1,57.03942293535797,0.0,0
55,13.75,319686.11112013645,126.67576752518787,56.643790174575734,62.46199629060775,67.16300118664331,0.9443246865395276,0.02637576937699654,0.7325836512320101,1,0.0,8.489111198435476e-05,1,1,81.36428420685228,0.0,0
56,14.0,319678.8045922882,127.64850699714323,57.920097285248005,64.4794949718935,70.15836805930854,0.9889403981756759,0.02826601666063999,0.7909912983765859,1,0.0,8.850864177841135e-05,1,1,102.19684418365058,0.0,0
57,14.25,319671.1103897615,128.96028417398287,59.13108537749374,66.52066316214805,73.24258034454263,1.0349971802984568,0.030116045247872453,0.8379640127913189,1,0.0,9.221158821351859e-05,1,1,113.32202648941382,0.0,0
58,14.5,319663.0060081504,130.6166515763388,60.2995383917738,68.57975659538336,76.41553334632486,1.0825119396999916,0.03190521800956364,0.8744221099132722,1,0.0,9.600612001863933e-05,1,1,115.63827914303998,0.0,0
59,14.75,319654.48045453103,132.6113726169682,61.44648361418237,70.65294495350273,79.67724680418864,1.131497480125265,0.03363803389313106,0.9026771351827859,1,0.0,9.989845341547591e-05,1,1,112.98743579861585,0.0,0
60,15.0,319645.5291648191,134.93209369804975,62.59075906519307,72.7381117619413,83.02790678633527,1.181963869377767,0.03532038305729619,0.9245747797666591,1,0.0,0.0001038948497863328,1,1,110.16185691001925,0.0,0
61,15.25,319636.14713772346,137.56751610876944,63.748903119274736,74.83462898604715,86.46789439893455,1.2339196634934395,0.0369583042895624,0.9415454543191608,1,0.0,0.00010800161585803017,1,1,107.40692075843981,0.0,0
62,15.5,319626.3285692383,140.5077087884788,64.93541257477798,76.9431313990625,89.99780502943581,1.2873729699120446,0.03855768958512179,0.9546977270973497,1,0.0,0.00011222498743204345,1,1,104.720862166897,0.0,0
63,15.75,319616.0668493878,143.74404319958396,66.16299332002531,79.0653183636329,93.61846337947128,1.3423323494828034,0.04012411729349272,0.964890738500446,1,0.0,0.00011657090809672523,1,1,102.1019600719301,0.0,0
64,16.0,319605.3545613742,147.26912905321083,67.44278536214512,81.20378149250506,97.3309351410559,1.3988075768853987,0.04166276918273057,0.9727903223378457,1,0.0,0.000121044843788085,1,1,99.54853640767224,0.0,0
65,16.25,319594.1834825169,151.07675145783554,68.7845645503284,83.36185534136216,101.13653585560995,1.4568102779514736,0.04317840106825846,0.9789124998118304,1,0.0,0.00012565162808019555,1,1,97.0589550210652,0.0,0
66,16.5,319582.5445864551,155.16180994677381,70.19692314551229,85.54348856330245,105.03683742899089,1.5163544603381607,0.04467534650980391,0.9836571873541685,1,0.0,0.00013039533402402873,1,1,94.63162061687785,0.0,0
67,16.75,319570.4280461632,159.52025974126607,71.68743121914451,87.75313320766936,109.0336727164995,1.5774569521690913,0.046157539864347584,0.9873343201994806,1,0.0,0.00013527916928241114,1,1,92.26497773130767,0.0,0
68,17.0,319557.8232373971,164.1490555203193,73.2627807044985,89.99565007740271,113.12913853904142,1.6401377616031407,0.047628549640977985,0.9901840981545975,1,0.0,0.00014030539219610086,1,1,89.95750973304767,0.0,0
69,17.25,319544.7187422464,169.04609789504053,74.92891377475566,92.2762282703329,117.32559744467193,1.7044203688012858,0.049091616289403776,0.9923926760698131,1,0.0,0.00014547524724385646,1,1,87.70773785078987,0.0,0
70,17.5,319531.10235252406,174.2101827225796,76.69113708247593,94.60031722235622,121.62567848805865,1.770331960422952,0.050549690720977,0.9941043239541051,1,0.0,0.00015078891910880882,1,1,85.51422022621573,0.0,0
71,17.75,319516.9610727688,179.64095334176915,78.55422326481244,96.97356974560063,126.03227726344794,1.8379036155817778,0.05200547132392856,0.9954308510644314,1,0.0,0.00015624550521523204,1,1,83.37555099159401,0.0,0
72,18.0,319502.2811226755,185.33885576798545,80.52250099754262,99.40179471383298,130.54855539404127,1.9071704511143497,0.05346143821145295,0.9964589095749343,1,0.0,0.0001618430071351432,1,1,81.29035937116653,0.0,0
73,18.25,319487.0491586597,191.3038769953473,82.59993476830415,101.89091819172606,135.17793965184745,1.9781717330528017,0.054919884083951244,0.9972556549205741,1,0.0,0.00016757834166551623,1,1,79.2573088055572,0.0,0
74,18.5,319471.28220033227,197.50564147298132,84.79013444233009,104.44695193535865,139.9241208566765,2.050950960332606,0.05638294150046772,0.9978731325634449,1,0.0,0.00017344737262891402,1,1,77.27509609848747,0.0,0
75,18.75,319455.011995621,203.90056411064188,87.09486879791396,107.07596373512774,144.79105180930446,2.1255559260007195,0.057852606419388386,0.9983516777366698,1,0.0,0.0001794449650662105,1,1,75.34245058512329,0.0,0
76,19.0,319438.2722216409,210.44530988518454,89.51356943220374,109.78393733300246,149.78292295143274,2.202038757240096,0.0593307534279545,0.998722550245919,1,0.0,0.00018556506835332894,1,1,73.45813332141675,0.0,0
77,19.25,319421.09868471336,217.09658131844594,92.04355194144479,112.57660013566765,154.90412603569072,2.280455855335098,0.06081914241411892,0.9990099764405873,1,0.0,0.000191800831704151,1,1,71.6209362938388,0.0,0
78,19.5,319403.52944322675,223.81099373921094,94.68020672688095,115.45927366928787,160.15921492531686,2.3608677125748603,0.062319418911315275,0.9992327317414552,1,0.0,0.00019814475305358526,1,1,69.82968164893019,0.0,0
79,19.75,319385.6048352743,230.54505200469424,97.41716652751285,118.43674368561511,165.55286388555453,2.4433386223386377,0.06383310994486038,0.9994053670996278,1,0.0,0.00020458886053146617,1,1,68.08322094212386,0.0,0
80,20.0,319367.3673939975,237.25524068128257,100.24645783064818,121.51314747212088,171.08982372208698,2.527936296399792,0.06536161687937622,0.9995391595022115,1,0.0,0.00021111143857014536,1,1,66.380434405317,0.0,0
81,20.25,319348.86163522955,243.89823741511702,103.15864327269016,124.69187654255802,176.77487613833475,2.6147314017370205,0.06690620649814116,0.9996428486142139,1,0.0,0.0002176945891721355,1,1,64.720230232693,0.0,0
82,20.5,319330.1337045529,250.4312562209604,106.14296199409867,127.97549348291842,182.61278672121983,2.703797027838848,0.0684680013271915,0.9997232076760157,1,0.0,0.00022432638260508746,1,1,63.10154388431303,0.0,0
83,20.75,319311.2308743748,256.81252358804585,109.18747462710215,131.36566229380017,188.6082570216091,2.7952080946123607,0.07004797003996224,0.9997854859489123,1,0.0,0.00023100023634787208,1,1,61.52333740701563,0.0,0
84,21.0,319292.2008861747,263.0018856087299,112.27921914337034,134.86309209462567,194.76587626799358,2.889040710536504,0.0716469186340429,0.999833751610407,1,0.0,0.00023771421452981433,1,1,59.98459877217893,0.0,0
85,21.25,319273.0911386837,268.961538819253,115.40438314314876,138.46749452699896,201.09007333621076,2.9853714906040936,0.07326548295300321,0.9998711574980654,5,0.0,0.00024447032615304543,1,1,58.48434122991568,0.0,0
86,21.5,319253.94772933127,274.6568712307918,118.54849730347313,142.17755560105658,207.58506968955788,3.0842768438376647,0.07490412975266209,0.9999001470610007,5,0.0,0.00025127390847848655,1,1,57.101750916299785,0.0,0
87,21.75,319234.8143270976,280.05742990291014,121.69665360577403,145.99092305592217,214.25483409707303,3.1858322406955626,0.07656329975947786,0.9999226139722756,5,0.0,0.0002581330908418452,1,1,57.46000261994294,0.0,0
88,22.0,319215.730133945,285.1387515603707,124.8337524575469,149.9042105386437,221.10304002696998,3.290111471449792,0.07824349391858001,0.9999400258285136,5,0.0,0.0002650583300603551,1,1,60.11047039259263,0.0,0
89,22.25,319196.72782474593,289.8841231813818,127.9448192804273,153.9130201680082,228.1330267166446,3.397185907548823,0.07994530506196343,0.999953520017098,5,0.0,0.0002720620094488769,1,1,64.91843989254919,0.0,0
90,22.5,319177.8317094026,294.28603236565436,131.01538086088684,158.01198803661134,235.34776555510243,3.507123779097401,0.08166944206200134,0.999963978013251,5,0.0,0.00027915809424949514,1,1,71.72309637022505,0.0,0
91,22.75,319159.05605183577,298.3473883142439,134.03188061659034,162.19485631415606,242.74983343439658,3.619989484837838,0.0834167457902509,0.9999720829602695,5,0.0,0.0002863618369968933,1,1,80.33613523341135,0.0,0
92,23.0,319140.40365022945,302.08242050481454,136.9821178343927,166.45457392060902,250.34139455705755,3.7358429536336635,0.08518819618242285,0.9999783642942088,5,0.0,0.0002936895269972943,1,1,90.5430487011847,0.0,0
93,23.25,319121.86477352865,305.51717618039663,139.8556926244198,170.78342654673816,258.1241920419131,3.85473907786267,0.09207527830501389,0.9999832323280119,5,0.0,0.00030115827869618494,5,5,331.84870722962444,0.0,0
94,23.5,319106.03128388117,306.0748070188563,142.644436020545,175.17319540261474,266.099550437112,3.976727239681768,0.09836973449826841,0.9999870050542092,5,0.0,0.000308785854253695,5,5,452.1763863066142,0.0,0
95,23.75,319089.59254869993,307.2098018491159,145.21206601251058,179.6153425540622,274.26838993363987,4.1018509506836365,0.10413743946045056,0.9999899289170121,5,0.0,0.00031659051614046045,5,5,540.8935193018576,0.0,0
96,24.0,319072.336616804,309.10524365263143,147.6071930681351,184.09141384235545,282.6293850089251,4.230147623936538,0.10945462728834346,0.9999921949106844,5,0.0,0.00032459090601493396,5,5,579.3789377663891,0.0,0
97,24.25,319054.21964516945,311.7669531045449,149.8832415839689,188.58725997095286,291.1812586800952,4.361641490966791,0.11438169077984828,0.9999939510557804,5,0.0,0.00033280594654903515,5,5,579.0932966708708,0.0,0
98,24.5,319035.22529915394,315.17295146481194,152.08915695491322,193.09324380507368,299.9230019445638,4.49634667666033,0.11897059139839491,0.9999953120682298,5,0.0,0.0003412547489410264,5,5,565.6920903546751,0.0,0
99,24.75,319015.34592070663,319.2936823389268,154.26841551432227,197.6037432979395,308.8539677199544,4.634270422235382,0.12326862285727823,0.9999963668528781,5,0.0,0.00034995617528200794,5,5,552.5989250536272,0.0,0
100,25.0,318994.5722167522,324.10270217637293,156.459133960347,202.1165979151587,317.9739332427297,4.775415953162481,0.12731801126347744,0.9999971843109805,5,0.0,0.00035892829997188354,5,5,539.8067790397724,0.0,0
101,25.25,318972.9073304505,329.5624533692785,158.69470353699182,206.63258303664335,327.28314465490814,4.91978495167331,0.1311559544001236,0.9999978178410099,5,0.0,0.000368187941818321,5,5,527.3087887693405,0.0,0
102,25.5,318950.426347294,335.5653138572844,161.00365624679577,211.15495069346616,336.7823522545762,5.067379653842339,0.13481491161408574,0.9999983088267828,5,0.0,0.00037775025721235547,5,5,515.0982454314021,0.0,0
103,25.75,318927.2106788007,342.00271665768435,163.40659548905325,215.6889766729235,346.4728277609446,5.218204618623388,0.1383230201545643,0.9999986893407566,5,0.0,0.00038762838677662705,5,5,503.1685915460299,0.0,0
104,26.0,318903.3353164448,348.77794318074336,165.91685672470055,220.2412935962838,356.3563218800548,5.372268173389761,0.14170454939764512,0.9999989842390864,5,0.0,0.000397833149825922,5,5,491.5134176217241,0.0,0
105,26.25,318878.8681616533,355.8062008131976,168.54174881903234,224.81929736505478,366.4350079662776,5.529583383101392,0.14498035056356895,0.9999992127852919,5,0.0,0.0004083727828461165,5,5,480.1264588769085,0.0,0
106,26.5,318853.8700392445,363.01401318139494,171.28368842942146,229.43066790630166,376.7114226428979,5.6901685955050025,0.14816828028585127,0.9999993899086013,5,0.0,0.0004192527199637891,5,5,469.0015920276126,0.0,0
107,26.75,318828.39494897495,370.3384027918955,174.1412026215786,234.08299211328324,387.1884058543245,5.854047644009504,0.1512835875278083,0.999999527179166,5,0.0,0.0004304754150161318,5,5,458.1328321419841,0.0,0
108,27.0,318802.4902934827,377.72613814447766,177.1098010985324,238.78347544871292,397.869042044312,6.021249781233277,0.1543392601015786,0.9999996335638536,9,0.0,0.0004420402063050095,5,5,447.5143295614405,0.0,0
109,27.25,318776.196947618,385.1331771020193,180.18273290767303,243.53872926507742,408.75660370071023,6.191809406553787,0.15734633446428709,0.9999997160119866,9,0.0,0.00045394322639029453,5,5,437.2531207597783,0.0,0
110,27.5,318749.5490936134,392.52437225151124,183.35164775316036,248.35462247368582,419.8544982665261,6.3657656417431285,0.16031426050944347,0.9999997799092896,9,0.0,0.0004661773603019304,5,5,430.0922693858603,0.0,0
111,27.75,318722.57317383355,399.8740734187826,186.6071835306323,253.23618810968412,431.1662193067217,6.5431618006529035,0.1632512208710649,0.9999998294296994,9,0.0,0.00047873225628154215,5,5,426.80438793022154,0.0,0
112,28.0,318695.28660871915,407.1669348622271,189.93953152919354,258.18757729913557,442.6953027981411,6.72404479215982,0.1661643800117237,0.9999998678080171,9,0.0,0.0004915943939861157,5,5,426.8891176915531,0.0,0
113,28.25,318667.6966505381,414.3985463001494,193.33899152862688,263.21205726028455,454.44528988259935,6.908464490230632,0.1690600903709808,0.9999998975512132,9,0.0,0.0005047472244240898,5,5,429.88400113504497,0.0,0
114,28.5,318639.79936747364,421.5759020496225,196.79650888572127,268.3120510084929,466.4196974799754,7.096473102559408,0.17194406094520254,0.9999999206021902,9,0.0,0.0005181713931218559,5,5,435.34863521700447,0.0,0
115,28.75,318611.5827370965,428.71373732424286,200.30418712340582,273.48921592461863,478.6219979636402,7.2881245675654736,0.1760670442645829,0.9999999384666974,9,0.0,0.0005318450527320084,6,6,507.44938555743715,0.0,0
116,29.0,318583.48988529306,435.3709022615507,203.85557156788528,278.7445579615663,491.055608908479,7.483474007511629,0.18359696817868926,0.9999999523116905,9,0.0,0.0005457442675768776,9,9,741.8338795708382,0.0,0
117,29.25,318556.0412284096,441.05101403184153,207.42272636240165,284.078563044816,503.7238908881036,7.682577263198461,0.1903533485244192,0.9999999630415601,9,0.0,0.0005598435082571766,9,9,863.6202615447294,0.0,0
118,29.5,318527.70546006644,447.3342316733962,210.95539078163642,289.4896045561099,516.6298223998493,7.885490522516187,0.1965037045901676,0.9999999713572091,9,0.0,0.0005741162297023308,9,9,939.0694094832513,0.0,0
119,29.75,318498.4483274773,454.22465267887526,214.4867996169459,294.9723444163001,529.7756069990508,8.092268811484837,0.20217662691761448,0.999999977801837,9,0.0,0.0005885048795821625,9,9,961.3048230964584,0.0,0
120,30.0,318468.2832515726,461.678495949702,218.04742514223372,300.52412780127463,543.1637361910063,8.302963343210765,0.20747053704546542,0.9999999827964237,9,0.0,0.000602965317068499,9,9,948.7427497378027,0.0,0
121,30.25,318437.2527300379,469.62509268686046,221.66282983773368,306.1446801226109,556.7970438803685,8.517623434497391,0.21246345968923758,0.9999999866672283,9,0.0,0.0006174674702554188,9,9,928.1109234862015,0.0,0
122,30.5,318405.41561197245,477.98095611798806,225.35276037942185,311.8356537846334,570.6787195394847,8.73629820601354,0.21721818493709522,0.9999999896671019,9,0.0,0.0006319937928755465,9,9,907.5537136440283,0.0,0
123,30.75,318372.8412352557,486.6562850288416,229.13102600858724,317.6001231779245,584.8122925702244,8.959037958716852,0.22178509730111481,0.999999991992004,9,0.0,0.0006465375433385037,9,9,887.1270183074613,0.0,0
124,31.0,318339.6063841962,495.5583218368961,233.00571293783398,323.44208858649984,599.201597253003,9.185895189558227,0.22620452105004363,0.9999999937938031,9,0.0,0.0006611011499634895,9,9,866.88306675487,0.0,0
125,31.25,318305.7915910714,504.59519886978717,236.9795475173722,329.3660138930338,613.8507233954996,9.416925252834297,0.2305086521492154,0.9999999951901974,11,0.0,0.0006756947823353391,9,9,846.8684561933364,0.0,0
126,31.5,318271.47700461757,513.6800253801475,241.05041928966762,335.3764080320855,628.7639559891468,9.652186691329321,0.23472314408355563,0.999999996272403,13,0.0,0.000690334941536084,9,9,827.2137492439759,0.0,0
127,31.75,318236.73799318227,522.7350355464664,245.2120616935261,341.4774606205218,643.9457076886936,9.891741268495096,0.2388685399314771,0.9999999971111123,13,0.0,0.0007050423805302298,9,9,810.3946737379287,0.0,0
128,32.0,318201.6397556253,531.6965213261824,249.4548793910703,347.6727416539462,659.4004482631765,10.135653740366898,0.24296148255049616,0.999999997761112,13,0.0,0.0007198402523379881,9,9,798.6862105329772,0.0,0
129,32.25,318166.2314046634,540.5200462216958,253.766948368891,353.9649739777784,675.1326353552228,10.383991412976858,0.24701559232500903,0.9999999982648619,13,0.0,0.0007347526140681459,9,9,791.9258199808048,0.0,0
130,32.5,318130.54082232714,549.184626246921,258.1351874327534,360.3558888919531,691.1466515640005,10.6368235372467,0.25104215920881956,0.9999999986552679,13,0.0,0.0007498032492415399,9,9,789.7323287155536,0.0,0
131,32.75,318094.57030221005,557.6959150516094,262.5466341528893,366.84617477469703,707.4467532099725,10.894220600740953,0.2550506817432171,0.9999999989578326,13,0.0,0.0007650147663435819,9,9,791.5947152004335,0.0,0
132,33.0,318058.29382288555,566.0875986235226,266.9897661418189,373.4355232370674,724.0370355292711,11.15625358272288,0.2613421673013269,0.9999999991923203,13,0.0,0.0007804079333488475,11,11,934.1097763336804,0.0,0
133,33.25,318022.47438087553,573.6026607023881,271.4557740960469,380.1227727249514,740.9214183588801,11.422993242177927,0.2695902223543136,0.9999999993740483,13,0.0,0.0007960012128607154,13,13,1140.7931645466933,0.0,0
134,33.5,317986.60720794275,580.789700600035,275.8987844440193,386.9061424705495,758.103655034197,11.694509508410036,0.2772559578084145,0.9999999995148874,13,0.0,0.0008118104684698033,13,13,1248.3637625171232,0.0,0
135,33.75,317949.6134028701,588.7440206427332,280.3044494343765,393.7804747870457,775.5867812270094,11.970871038746141,0.28441972085214906,0.9999999996240377,13,0.0,0.0008278488190352981,13,13,1302.4872211509182,0.0,0
136,34.0,317911.5836013627,597.336621117947,284.71446748130097,400.7397201093723,793.3734471221899,12.252142806451173,0.29114769228849346,0.9999999997086293,13,0.0,0.00084412663047036,13,13,1305.9802815240882,0.0,0
137,34.25,317872.65335526253,606.4000361622356,289.1603639406536,407.78117230942087,811.4666868614652,12.538385463672153,0.2974961817147104,0.9999999997741877,13,0.0,0.0008606516378470385,13,13,1283.5685233303134,0.0,0
138,34.5,317832.97505163314,615.7583379835141,293.66247611120696,414.90458630820484,829.869890234304,12.829657729607455,0.3035161069133434,0.9999999998249955,13,0.0,0.0008774291890380753,13,13,1257.1346183282794,0.0,0
139,34.75,317792.696036514,625.249436203527,298.2305290718821,422.1112510769666,848.5867289852515,13.126018148399028,0.3092534974978748,0.9999999998643716,13,0.0,0.0008944625999033685,13,13,1231.2297928100154,0.0,0
140,35.0,317751.95070683886,634.732294068489,302.8652750720689,429.4031389331804,867.6210589025436,13.427526184882577,0.31474926591339447,0.999999999894888,15,0.0,0.0009117535634625452,13,13,1205.8438785720566,0.0,0
141,35.25,317710.8578275525,644.0885586513805,307.5603473583444,436.7822081731148,886.9768155519488,13.73424271269199,0.32003930599391783,0.9999999999185382,21,0.0,0.0009292971721207065,13,13,1180.9853285600057,0.0,0
142,35.5,317669.51925972995,653.2226985413749,312.3040299910612,444.2498696473794,906.6579120859842,14.046230004244217,0.3251548544733336,0.9999999999368671,21,0.0,0.0009470769163368277,13,13,1159.4769399942224,0.0,0
143,35.75,317628.01869030774,662.0621330364874,317.08087652607094,451.8066051235883,926.6681436663719,14.36355133970663,0.3301230753271689,0.9999999999510719,21,0.0,0.0009650846598265168,13,13,1146.6548266484444,0.0,0
144,36.0,317586.41941189603,670.5583047963521,321.8731906309247,459.4517206800584,947.0111016532128,14.686270343366338,0.33496763871328544,0.9999999999620808,21,0.0,0.0009833196986159635,13,13,1143.3985647144416,0.0,0
145,36.25,317544.7622114003,678.6875900523116,326.66242813583835,467.18321995309,967.6901003145995,15.014450143852091,0.3397092305024831,0.9999999999706126,21,0.0,0.0010017873499707716,13,13,1148.3653307302643,0.0,0
146,36.5,317503.06420524995,686.4512167000469,331.43051941203976,474.9977870649532,988.7081191291838,15.348152443818584,0.3443660077338354,0.9999999999772248,21,0.0,0.0010204973785520042,13,13,1160.282630120478,0.0,0
147,36.75,317461.328289303,693.8645718120403,336.16106958525285,482.8908693399649,1010.0677633823434,15.687436577436408,0.3489539949800028,0.9999999999823492,21,0.0,0.0010394624493001814,13,13,1177.937658828054,0.0,0
148,37.0,317419.53684160626,700.9627909181705,340.83991696288587,490.8568470824316,1031.7712448033174,16.032358626964953,0.3581878817348883,0.9999999999863206,21,0.0,0.001058696684830838,17,17,1500.5299191904326,0.0,0
149,37.25,317378.84312788077,706.6083650977163,345.4559210656796,498.88923917313264,1053.8203761221007,16.382970660595262,0.368983599762263,0.9999999999893985,21,0.0,0.0010782143585106715,19,19,1814.6129761956693,0.0,0
150,37.5,317338.08045618865,712.0406185349159,349.94206065398686,506.9809604254467,1076.216584079813,16.7393201171475,0.38101881633185664,0.9999999999917838,21,0.0,0.0010980287559031778,21,21,2148.879899927888,0.0,0
151,37.75,317296.74142863933,717.777615157529,354.2992647366267,515.1201521021584,1098.9600899897605,17.10144937459425,0.39181482991427485,0.9999999999936324,21,0.0,0.0011181512356072283,21,21,2309.602568255307,0.0,0
152,38.0,317254.04073628865,724.5894267503467,358.55428257159,523.2954486680426,1122.0507133810022,17.469392340381503,0.40160498707450387,0.9999999999950652,21,0.0,0.0011385905168461103,21,21,2362.7098954548746,0.0,0
153,38.25,317209.94402677694,732.4566649245122,362.7699786795011,531.497896694196,1145.4882581211205,17.84317480371582,0.4105739536115188,0.9999999999961755,21,0.0,0.0011593522263412493,21,21,2349.4396183912736,0.0,0
154,38.5,317164.45652423264,741.3213342225677,367.0026352579141,539.7235773560801,1169.2731127722675,18.222816158497388,0.41887048646298075,0.999999999997036,21,0.0,0.0011804387355482436,21,21,2308.964350511532,0.0,0
155,38.75,317117.6186645595,751.093127184607,371.30060953530017,547.9729329519923,1193.4063327691292,18.608332999466015,0.42661669352628195,0.999999999997703,21,0.0,0.0012018493025618446,21,21,2264.8509250288407,0.0,0
156,39.0,317069.4829587481,761.6741766367068,375.7034257574502,556.2500167759972,1217.8896798443816,18.999742237288867,0.43391297314742355,0.9999999999982198,23,0.0,0.0012235805186472791,21,21,2221.0337961946634,0.0,0
157,39.25,317020.1191718257,772.9542547273217,380.2421858609418,564.5617016800918,1242.7256222280766,19.397063677843153,0.4408416924021461,0.9999999999986203,23,0.0,0.0012456270374342486,21,21,2178.6605450206316,0.0,0
158,39.5,316969.63013208273,784.7955817339432,384.93970343115234,572.9169477025164,1267.9173130134648,19.800322036186074,0.44747038525828065,0.9999999999989307,23,0.0,0.0012679729557055995,21,21,2139.841117878152,0.0,0
159,39.75,316918.1527125245,797.0332222054728,389.80986614006804,581.3261058990486,1293.4685448034977,20.209548427402158,0.45385441797366005,0.9999999999991713,23,0.0,0.0012905995716119482,21,21,2104.6170239791595,0.0,0
160,40.0,316865.84044613614,809.4938274835798,394.8570749164071,589.8001992203019,1319.3836708833942,20.624781360187193,0.46003920903454454,0.9999999999993577,23,0.0,0.0013134986180409157,21,21,2072.840222560823,0.0,0
161,40.25,316812.8378424731,822.0217397724232,400.0766703159068,598.3501870097359,1345.6674932120532,21.046067216773125,0.46606205213934354,0.9999999999995023,23,0.0,0.0013366695126181634,21,21,2044.2319048189902,0.0,0
162,40.5,316759.2743205739,834.4841746830331,405.45662602632206,606.986287747367,1372.325130761907,21.473460207494362,0.47411961022785754,0.9999999999996143,25,0.0,0.0013601164663292677,23,23,2161.4302023161745,0.0,0
163,40.75,316705.78718174685,846.2471047759102,410.9793502938378,615.717452994078,1399.3618883477266,21.907021841599626,0.4816971756837834,0.9999999999997011,25,0.0,0.001383845828493947,23,23,2199.55404121649,0.0,0
164,41.0,316651.68957678584,858.0323544980829,416.59712068496924,624.5509952306131,1426.7831327781455,22.34682002230968,0.48886238773431423,0.9999999999997684,26,0.0,0.0014078639090181462,23,23,2216.6830546251063,0.0,0
165,41.25,316597.1477804501,869.6725331089476,422.30256692014393,633.4903865951782,1454.5938050495733,22.792927876045834,0.4956743335201595,0.9999999999998205,28,0.0,0.0014321753114113238,23,23,2207.498356644069,0.0,0
166,41.5,316542.3242063344,881.0124805692459,428.0806072434357,642.5384224500755,1482.7988623935498,23.245421009328105,0.5021838727871718,0.9999999999998609,32,0.0,0.0014567817389477967,23,23,2181.181454184377,0.0,0
167,41.75,316487.3732539714,891.9128089037381,433.9097484823054,651.6966671915447,1511.403144425637,23.704377025363872,0.508436253960026,0.9999999999998922,33,0.0,0.0014816812219482023,23,23,2157.237203519905,0.0,0
168,42.0,316432.4295617096,902.260860720383,439.7634470987151,660.965017356591,1540.4112384699454,24.1698746447864,0.5144718691733459,0.9999999999999164,33,0.0,0.001506867719052944,23,23,2147.340842105123,0.0,0
169,42.25,316377.5864560576,911.990923336323,445.6118966437775,670.3413824119737,1569.8273490359793,24.641992514326823,0.5224936351898393,0.9999999999999352,33,0.0,0.0015323310609649118,25,25,2307.401836441623,0.0,0
170,42.5,316323.45562523743,920.5222079897317,451.42466632454216,679.8215110026865,1599.6551816581666,25.12080778747823,0.530068756159338,0.9999999999999497,33,0.0,0.0015580572059918792,25,25,2390.1299784655207,0.0,0
171,42.75,316269.1440463334,928.8076764942236,457.1450029450517,689.3990212983597,1629.897858347897,25.60639458105158,0.5372588096257644,0.999999999999961,33,0.0,0.0015840287678418642,25,25,2453.5070320448212,0.0,0
172,43.0,316214.706466764,936.804872238923,462.768868649669,699.06350290144,1660.5574669925545,26.098822453407557,0.5484909736244254,0.9999999999999698,33,0.0,0.0016102256557303995,29,29,2795.8680553281606,0.0,0
173,43.25,316160.9398489541,943.7312464368664,468.2904632750376,708.8046143751137,1691.6356734319572,26.598153526908582,0.5596202309989576,0.9999999999999766,33,0.0,0.0016366258766956068,30,30,3036.713895255776,0.0,0
174,43.5,316106.8532691841,950.6312638850474,473.66537709018115,718.6119486073446,1723.1336986961583,27.104442537176517,0.5695987667434297,0.9999999999999818,33,0.0,0.001663192504614852,30,30,3175.9160032446835,0.0,0
175,43.75,316052.19994398695,957.7530258879549,478.9053887585245,728.4721394388459,1755.0517651415607,27.61773678618177,0.5808463859961159,0.9999999999999859,37,0.0,0.0016898901281513254,32,32,3408.8565087612888,0.0,0
176,44.0,315997.31037044484,964.7549481356499,484.0336303423396,738.3731814729192,1787.3897955756138,28.138074028638083,0.5909505484367445,0.9999999999999891,37,0.0,0.0017166908484309744,32,32,3482.1974420068454,0.0,0
177,44.25,315941.6716211549,972.1559500188715,489.0540893256989,748.3052329817048,1820.1476230749133,28.665483443975887,0.6012441283724488,0.9999999999999916,37,0.0,0.0017435824797330547,33,33,3591.8381827727962,0.0,0
178,44.5,315885.50469612435,979.7150775484656,493.99634313684794,758.2591027889284,1853.32479321964,29.199987181819964,0.6105661806191096,0.9999999999999934,37,0.0,0.0017705664560983075,33,33,3623.4344356447637,0.0,0
179,44.75,315828.59885556996,987.6351642253675,498.875280662767,768.2281462817302,1886.9209524334935,29.741600826669192,0.6190916897727848,0.9999999999999949,37,0.0,0.001797655496916519,33,33,3620.8312963618337,0.0,0
180,45.0,315771.05793590157,995.79432568255,503.714603100574,778.207072821376,1920.9357272771078,30.29033521687043,0.6269632951390035,0.999999999999996,37,0.0,0.0018248711417435466,33,33,3602.5243138206497,0.0,0
181,45.25,315712.98071040027,1004.0818348996495,508.52980125072173,788.1925583102984,1955.3688977272925,30.846197411742843,0.6342975865195628,0.9999999999999969,37,0.0,0.0018522414679334454,33,33,3577.146819817228,0.0,0
182,45.5,315654.44485342375,1012.4136001311731,513.3294464554612,798.1825591787349,1990.2203487145923,31.409192096250198,0.6433501299253107,0.9999999999999976,39,0.0,0.0018797989197701587,35,35,3719.8925771311597,0.0,0
183,45.75,315595.90330624103,1020.3344673073588,518.1171401713536,808.1757476922253,2025.4900160923544,31.97932249566358,0.6538100844210499,0.9999999999999981,39,0.0,0.0019075780643140283,37,37,3938.791594947388,0.0,0
184,46.0,315537.03085380746,1028.1901963755997,522.8734045928506,818.1711136446402,2061.1778406926014,32.556590886872314,0.6632978032412016,0.9999999999999986,41,0.0,0.0019356132944578408,37,37,4039.988577476296,0.0,0
185,46.25,315477.2224592512,1036.5890811130876,527.5977890015547,828.1662220732239,2097.2834497357762,33.14099882518991,0.6719882736631071,0.9999999999999989,41,0.0,0.0019639367123589417,37,37,4083.2654905764293,0.0,0
186,46.5,315416.4946565134,1045.487429795182,532.3202976106418,838.1586911742969,2133.8063787797896,33.73254612667078,0.6800211216421607,0.9999999999999991,41,0.0,0.0019925764838614928,37,37,4077.605051511797,0.0,0
187,46.75,315354.8849345378,1054.8227802810463,537.0660710994507,848.1484745245845,2170.7465086510424,34.331230906081004,0.6875095690182025,0.9999999999999993,41,0.0,0.002021555672665384,37,37,4052.5059369644487,0.0,0
188,47.0,315292.44702155923,1064.519554245578,541.8548823367662,858.1374129097366,2208.1040777036806,34.937051245027135,0.6965458634516306,0.9999999999999994,41,0.0,0.002050885357722575,39,39,4214.567936123924,0.0,0
189,47.25,315229.4198414238,1074.3207566686965,546.7009598404054,868.1287643382177,2245.8796711889036,35.55000653996265,0.7048063450034969,0.9999999999999996,41,0.0,0.002080574510810636,39,39,4274.253170552776,0.0,0
190,47.5,315165.50341892854,1084.5211413305096,551.604411973804,878.1267375998832,2284.074191652747,36.17009851448996,0.7124142055361138,0.9999999999999997,41,0.0,0.0021106282631778396,39,39,4302.514956527727,0.0,0
191,47.75,315100.79914841685,1094.999354775674,556.5800751140969,888.1353992979227,2322.68869049694,36.79733189848987,0.7215069863716581,0.9999999999999998,43,0.0,0.0021410465375043047,41,41,4484.8700067402915,0.0,0
192,48.0,315035.57419712085,1105.4743383328725,561.635393289122,898.1597835279828,2361.724573402569,37.43171432655981,0.7297095090810877,0.9999999999999998,43,0.0,0.0021718230466446892,41,41,4532.004906344973,0.0,0
193,48.25,314969.6269625754,1116.1478559616903,566.7630929478083,908.2053028986674,2401.1835285873217,38.073257029079805,0.7371934620499516,0.9999999999999998,46,0.0,0.002202944746219265,41,41,4541.066168614252,0.0,0
194,48.5,314903.1163709216,1126.851054817429,571.9666381612672,918.2766311948006,2441.067329802315,38.72197510257885,0.744096259174562,0.9999999999999998,46,0.0,0.0022343919246231602,41,41,4518.915526959877,0.0,0
195,48.75,314836.1957025442,1137.429170453975,577.2407410663112,928.3785350856527,2481.377963867865,39.3778869820037,0.7505277892608007,0.9999999999999998,46,0.0,0.0022661322667338986,41,41,4485.718382139884,0.0,0
196,49.0,314768.99515050853,1147.7582639669358,582.5728477080893,938.5152144125672,2522.1175088968107,40.04101450706489,0.7565773341640687,0.9999999999999998,48,0.0,0.00229813364969382,41,41,4462.621135055331,0.0,0
197,49.25,314701.60691052786,1157.758590749254,587.9453280753568,948.6897774759394,2563.2880106542234,40.71138251735958,0.763129060589683,0.9999999999999998,48,0.0,0.0023303637223266284,42,42,4540.081302346021,0.0,0
198,49.5,314634.1152900605,1167.36228167912,593.3381390346626,958.9038993145932,2604.8913718383865,41.389018072699535,0.771193897269062,0.9999999999999998,48,0.0,0.0023627808632032117,44,44,4728.410815421703,0.0,0
199,49.75,314566.765823965,1176.343633690682,598.7296335619523,969.1576919095289,2646.929267443463,42.073949429352815,0.7784961804390396,0.9999999999999998,48,0.0,0.002395347673442367,44,44,4818.038427315693,0.0,0
200,50.0,314499.0714670592,1185.2208089119893,604.0888122498835,979.4496397156206,2689.403067139753,42.76620492357391,0.7851683674833352,0.9999999999999998,50,0.0,0.002428033488830252,44,44,4866.818893056518,0.0,0
201,50.25,314431.1584608017,1193.8727747238759,609.4133516017434,989.775956358804,2732.313644704798,43.46581180908507,0.7933352462403143,0.9999999999999998,52,0.0,0.002460809656158589,46,46,5067.356914580469,0.0,0
202,50.5,314363.32584261784,1202.0117541715326,614.6950839449244,1000.1328164304061,2775.6617082002385,44.17279463505564,0.8007277711063143,0.9999999999999998,52,0.0,0.0024936554597137484,46,46,5140.514458250074,0.0,0
203,50.75,314295.2534007692,1209.9836083116159,619.9121820155614,1010.5159185680467,2819.4477151173733,44.88717521822022,0.8074764799071588,0.9999999999999998,52,0.0,0.00252655440011952,46,46,5184.67019538053,0.0,0
204,51.0,314227.04536619945,1217.692462465779,625.0620604654671,1020.9194779846407,2863.671660581763,45.60897230291168,0.8136877833004439,0.9999999999999998,52,0.0,0.002559496111631379,46,46,5201.027473998634,0.0,0
205,51.25,314158.7800377474,1225.0731677944696,630.1375710471965,1031.3377225915278,2908.333300317875,46.33820050147213,0.8194488991275968,0.9999999999999998,54,0.0,0.0025924742227343284,46,46,5202.00064856578,0.0,0
206,51.5,314090.49422313087,1232.1053240213137,635.128946307706,1041.764550327513,2953.4320859092522,47.07487030332323,0.828980391572963,0.9999999999999998,54,0.0,0.002625484594337153,50,50,5554.935420370152,0.0,0
207,51.75,314022.66200339445,1238.3322775567046,640.0262708741551,1052.1933445031798,2998.967115832254,47.81898783927145,0.8394435261489346,0.9999999999999998,54,0.0,0.0026585240766609764,52,52,5879.842297050957,0.0,0
208,52.0,313954.56730424927,1244.5103628240051,644.7976819953693,1062.6169810864849,3044.937115330925,48.570554513916576,0.8485214086914217,0.9999999999999998,54,0.0,0.002691585065307543,52,52,6054.962001654613,0.0,0
209,52.25,313885.70636655844,1251.1457823736791,649.4519785298402,1073.0262007687631,3091.3401051260284,49.32956664326407,0.8564693014946217,0.9999999999999998,54,0.0,0.002724660116565524,52,52,6136.254318269186,0.0,0
210,52.5,313816.09817648854,1258.1966833249714,654.022483851217,1083.4127348453312,3138.173907560504,50.09601392952747,0.8634911420908018,0.9999999999999998,54,0.0,0.0027577490794708295,52,52,6141.856712858575,0.0,0
211,52.75,313745.7725664413,1265.6124592059045,658.5374533878926,1093.7711091754106,3185.4365316208223,50.86988016870271,0.8697528824015284,0.9999999999999998,54,0.0,0.0027908577004836367,52,52,6121.072725239656,0.0,0
212,53.0,313674.77688649576,1273.3275161911397,663.0200894385546,1104.0981642803806,3233.1261983475033,51.65114524668515,0.8772194472084013,0.9999999999999998,56,0.0,0.0028239961589943134,54,54,6312.023220040352,0.0,0
213,53.25,313603.2028463677,1281.2351805095823,667.488242976812,1114.3925936925443,3281.241349660724,52.4397867925997,0.8838038261004795,0.9999999999999998,56,0.0,0.002857177612857416,54,54,6370.477629245781,0.0,0
214,53.5,313530.91000161594,1289.4662662359133,671.9528374507902,1124.654476426786,3329.7806367682033,53.23578150238009,0.8896633287477635,0.9999999999999998,56,0.0,0.0028904147849887897,54,54,6391.093680284711,0.0,0
215,53.75,313458.0017973718,1297.9011571682765,676.4303617044795,1134.8847079346385,3378.742869692438,54.039106128399226,0.8949262070111772,0.9999999999999998,56,0.0,0.0029237234307954454,54,54,6377.506451553283,0.0,0
216,54.0,313384.5985554445,1306.409341237092,680.9298515535647,1145.0853883505233,3428.127125351643,54.84973806263825,0.8996973328075156,0.9999999999999998,58,0.0,0.00295712049977421,54,54,6347.138041445865,0.0,0
217,54.25,313310.8147807523,1314.8726488674865,685.4530104409939,1155.2592204902362,3477.9326832518195,55.66765619717434,0.904063828236543,0.9999999999999998,58,0.0,0.002990620644679311,54,54,6321.749399088315,0.0,0
218,54.5,313236.7403701082,1323.2034270681809,689.995481237851,1165.4089383986593,3528.1589418324206,56.49284135466737,0.9098748396319383,0.9999999999999998,58,0.0,0.0030242388189614263,56,56,6497.898252534543,0.0,0
219,54.75,313162.537807192,1331.2458186309495,694.5489131950233,1175.536851691546,3578.8053329797713,57.32527631066641,0.9149951262115515,0.9999999999999998,60,0.0,0.00305798821537385,56,56,6564.832035117725,0.0,0
220,55.0,313087.9966218886,1339.2247130028468,699.0979083055865,1185.644561192189,3629.871250120333,58.16494549044609,0.9195354759174823,0.9999999999999998,60,0.0,0.003091878624979059,56,56,6601.317715731649,0.0,0
221,55.25,313013.2244504717,1347.0356487696258,703.6396878570159,1195.7324557011011,3681.3559227378532,59.01183446272622,0.9235903755949844,0.9999999999999998,61,0.0,0.00312591536683529,56,56,6611.836402706966,0.0,0
222,55.5,312938.30345566093,1354.6048611418935,708.1664981654064,1205.8007017296236,3733.258554228207,59.86592907394129,0.9272395757736216,0.9999999999999998,61,0.0,0.0031600988791840056,56,56,6613.605589533466,0.0,0
223,55.75,312863.26936682005,1361.9087069256898,712.6675896005898,1215.8488783159712,3785.5782430482495,60.72721528946245,0.9325469585899513,0.9999999999999998,61,0.0,0.0031944245144974828,57,57,6670.150750670618,0.0,0
224,56.0,312788.2590027765,1368.8236356228967,717.1319901611074,1225.8757733104449,3838.313919355031,61.59567877397386,0.9386702112748952,0.9999999999999998,61,0.0,0.0032288805255246537,59,59,6962.569491586599,0.0,0
225,56.25,312712.8856732424,1375.755783375867,721.5435299635819,1235.8793949542978,3891.464314137484,62.471304326338455,0.9437038827948931,0.9999999999999998,61,0.0,0.003263455034579568,59,59,7107.1539309071195,0.0,0
226,56.5,312636.94551104965,1382.9081563998843,725.9077896713412,1245.8566098817703,3945.02785767465,63.35407532273438,0.9478896693872412,0.9999999999999998,61,0.0,0.0032981346680820843,59,59,7182.483824509021,0.0,0
227,56.75,312560.43765709386,1390.2706025356429,730.2400019849657,1255.804815182772,3999.002950301531,64.24397290122137,0.9514139309845795,0.9999999999999998,61,0.0,0.0033329014071486014,59,59,7198.245955702731,0.0,0
228,57.0,312483.36048005905,1397.8342494437234,734.5535319345188,1265.7226433608312,4053.3881188612845,65.14097634063764,0.9544218506719113,0.9999999999999998,61,0.0,0.003367737259665625,59,59,7189.218171435233,0.0,0
229,57.25,312405.70303909306,1405.5999779374674,738.8601076268371,1275.6097781358903,4108.182033263693,66.04506394303823,0.9579818030040385,0.9999999999999998,61,0.0,0.003402623189471363,60,60,7281.682580606528,0.0,0
230,57.5,312327.5022865384,1413.5207315952412,743.1704540570286,1285.466794131621,4163.383519893117,66.95621378456386,0.961046265301033,0.9999999999999998,61,0.0,0.00343753853857016,60,60,7313.299999608831,0.0,0
231,57.75,312248.5978984546,1421.749083099277,747.4919858102703,1295.2950498240548,4218.991578459967,67.87440435180073,0.9637087329939122,0.9999999999999998,61,0.0,0.0034724610487512544,60,60,7324.895382237703,0.0,0
232,58.0,312169.0309891671,1430.2285382318298,751.8390840893171,1305.096411266109,4275.0053621439565,68.79961510167506,0.9660436930496046,0.9999999999999998,61,0.0,0.0035073617731625852,60,60,7316.350734978027,0.0,0
233,58.25,312088.86100790044,1438.887092586915,756.2220213500768,1314.873756456161,4331.424294882403,69.73182682400798,0.9681107583714672,0.9999999999999998,61,0.0,0.0035422148399214337,60,60,7295.528216835231,0.0,0
234,58.5,312008.1558174365,1447.6479284214117,760.6465526445943,1324.630631041125,4388.248048091941,70.67102236433382,0.9699585960851524,0.9999999999999998,61,0.0,0.003577003091700354,60,60,7273.761953268227,0.0,0
235,58.75,311926.98206642095,1456.4392830159686,765.114078293826,1334.3708856665723,4445.476499501876,71.61718710079177,0.9716270141275574,0.9999999999999998,63,0.0,0.003611716592272081,60,60,7252.07098547087,0.0,0
236,59.0,311845.3997184519,1465.1996668341767,769.6222854541043,1344.0983384790889,4503.109681618688,72.57030916198218,0.9731485728659888,0.9999999999999998,63,0.0,0.0036463511890160753,60,60,7233.778227557374,0.0,0
237,59.25,311763.4576436996,1473.8817582447655,774.1659933088395,1353.816497799608,4561.147727543373,73.53037940375296,0.9745499630368696,0.9999999999999998,63,0.0,0.003680907056028644,60,60,7223.80424816853,0.0,0
238,59.5,311681.18932805676,1482.455985975393,778.7381175327886,1363.528358090642,4619.590819156485,74.49739118789553,0.9758531351084874,0.9999999999999998,63,0.0,0.003715386918946993,60,60,7221.170042381152,0.0,0
239,59.75,311598.6094232925,1490.9130914408893,783.3307277661306,1373.236275545221,4678.439141940126,75.47134001510312,0.9770762089252679,0.9999999999999998,63,0.0,0.0037497972700411297,60,60,7224.674325648023,0.0,0
240,60.0,311515.7110720456,1499.265788115761,787.9361387876277,1382.9419274296374,4737.692850552296,76.452223069064,0.9782342000258992,0.9999999999999998,63,0.0,0.0037841464896481583,60,60,7233.035649980443,0.0,0
241,60.25,311432.46407371864,1507.5494970369214,792.5479872302346,1392.6463547162225,4797.352048566443,77.44003873151374,0.9811421628865256,0.9999999999999998,63,0.0,0.003818443061729146,62,62,7459.509053798518,0.0,0
242,60.5,311348.8723077755,1515.7637881282685,797.1622489365241,1402.3500839471963,4857.4167850848,78.43478612773963,0.9836194942534179,0.9999999999999998,63,0.0,0.0038526941500069134,60,60,7250.739983860752,0.0,0
243,60.75,311264.66651643906,1524.1813900582977,801.7752375450335,1412.053321047893,4917.887070150617,79.43646475913047,0.9857309809357272,0.9999999999999998,63,0.0,0.003886904708383235,60,60,7296.081673417846,0.0,0
244,61.0,311179.859185533,1532.7796514614179,806.3972322671419,1421.75598811206,4978.762868352222,80.44507427416468,0.9875323949708434,0.9999999999999998,63,0.0,0.00392107590676196,60,60,7299.394591102851,0.0,0
245,61.25,311094.48677860596,1541.5130758153484,811.0364619592181,1431.4587809566651,5040.044288397103,81.46061426567329,0.9890716518983669,0.9999999999999998,64,0.0,0.0039552082212611405,60,60,7277.391329512177,0.0,0
246,61.5,311008.59690154967,1550.327299080893,815.6981459321981,1441.1629877122969,5101.731580901432,82.48308482349948,0.9903910466314467,0.9999999999999998,64,0.0,0.003989300292516981,58,58,6951.755602692938,0.0,0
247,61.75,310922.2338972341,1559.1739384424732,820.3843192851537,1450.870241953201,5163.825116127537,83.51248695757968,0.991527234665653,0.9999999999999998,64,0.0,0.004023348287763808,58,58,6930.567763800948,0.0,0
248,62.0,310835.4288397115,1568.0202990429225,825.094416271103,1460.5822715441163,5226.3253505856865,84.54882284468913,0.9925114045808242,0.9999999999999998,64,0.0,0.004057345935251988,58,58,6916.455120462535,0.0,0
249,62.25,310748.1940306341,1576.8540931681052,829.8262869133291,1470.3007002093018,5289.232793179317,85.59209589579208,0.9933697575019015,0.9999999999999998,64,0.0,0.004091283391264077,58,58,6908.121217797465,0.0,0
250,62.5,310660.5194510056,1585.6859681382637,834.5773588116157,1480.0269324346123,5352.547978928262,86.64231068165586,0.9948615620639737,0.9999999999999998,64,0.0,0.004125152462762479,59,59,7001.786996062998,0.0,0
251,62.75,310572.3835123207,1594.5376084161994,839.3458216103488,1489.7621296156758,5416.271455260783,87.69947277625201,0.9960177105995796,0.9999999999999998,64,0.0,0.00415894881156709,59,59,7035.936311698506,0.0,0
252,63.0,310483.71295395365,1603.481286362537,844.1311108159491,1499.507275893035,5480.403784391765,88.76358858312035,0.9969137257146743,0.9999999999999998,64,0.0,0.004192671381496652,59,59,7053.479880331504,0.0,0
253,63.25,310394.5073162945,1612.5128597035582,848.9363259540805,1509.263277922337,5544.945554916821,89.83466520875822,0.9976081374288726,0.9999999999999998,64,0.0,0.004226321899738078,59,59,7053.101420076724,0.0,0
254,63.5,310304.76587535755,1621.6286576552652,853.7640826933584,1519.0312424430954,5609.897431443445,90.91271040727419,0.9981463065073762,0.9999999999999998,64,0.0,0.004259904544299548,59,59,7041.79551422694,0.0,0
255,63.75,310214.4877022675,1630.8253978626533,858.6165796213575,1528.812432843558,5675.260154681717,91.99773272330496,0.9985633875432166,0.9999999999999998,64,0.0,0.004293425082399325,59,59,7030.001100215108,0.0,0
256,64.0,310123.6717316628,1640.100098574111,863.4956549054405,1538.608232285033,5741.034540968689,93.0897416039075,0.9988866253459927,0.9999999999999998,64,0.0,0.004326892447750528,59,59,7018.334125392005,0.0,0
257,64.25,310032.3167742528,1649.450051055449,868.4028335033031,1548.420112392761,5807.221481311601,94.1887474841111,0.9991371346431444,0.9999999999999998,64,0.0,0.004360317666892059,59,59,7006.793794136489,0.0,0
258,64.5,309940.4215260552,1658.8727967002792,873.3393687789949,1558.2496066057674,5873.821940009679,95.29476185010593,0.9993312793484368,0.9999999999999998,64,0.0,0.0043937127273980135,59,59,6995.379303185404,0.0,0
259,64.75,309847.9845766337,1668.366106286726,878.3062792587415,1568.0982875997004,5940.836952937724,96.40779728339577,0.9994817414950385,0.9999999999999998,64,0.0,0.0044270895238783465,59,59,6984.089841932204,0.0,0
260,65.0,309755.0044175659,1677.927960040257,883.304381067833,1577.9677482726881,6008.267625564553,97.52786748882411,0.9995983496586549,0.9999999999999998,64,0.0,0.004460458991260503,59,59,6972.924592700721,0.0,0
261,65.25,309661.4794490759,1687.5565305283135,888.3343164745037,1587.8595858430367,6076.115130769352,98.65498730901889,0.9996887209854576,0.9999999999999998,64,0.0,0.00449383046649543,59,59,6961.882731040318,0.0,0
262,65.5,309567.4079877439,1697.2501653337986,893.3965790299815,1597.7753886556588,6144.380706509208,99.78917272747822,0.9997587587637295,0.9999999999999998,64,0.0,0.0045272112986260125,59,59,6950.963426026259,0.0,0
263,65.75,309472.7882732568,1707.0073715542344,898.4915355975659,1607.7167253452053,6213.065653384013,100.93044086223226,0.9998130380418905,0.9999999999999998,64,0.0,0.004560606720308442,59,59,6940.165840535246,0.0,0
264,66.0,309377.61847468116,1716.8268015521971,903.6194456397807,1617.6851360384085,6282.171332136775,102.07880995176453,0.9998551044824651,0.9999999999999998,64,0.0,0.004594019979524176,59,59,6929.489131554182,0.0,0
265,66.25,309281.896693808,1726.7072423477643,908.7804780709815,1627.682125317163,6351.699161121545,103.23429933464912,0.9998877059739104,0.9999999999999998,64,0.0,0.004627452718984175,59,59,6918.932450465305,0.0,0
266,66.5,309185.6209772559,1736.6475967824072,913.9747260748893,1637.7091566968736,6421.6506137658025,104.39692942416139,0.9999129721297806,0.9999999999999998,64,0.0,0.004660905580646949,58,58,6755.992037227387,0.0,0
267,66.75,309088.78929507383,1746.6468991253992,919.2022196573231,1647.7676484133162,6492.027216051262,105.56672167894487,0.9999325534005798,0.9999999999999998,64,0.0,0.004694378319956952,58,58,6740.820172615269,0.0,0
268,67.0,308991.39961305645,1756.7042361865088,924.4629378584748,1657.8589703014254,6562.830544026547,106.74369857066867,0.9999477288854495,0.9999999999999998,64,0.0,0.004727873110069807,58,58,6725.79834462937,0.0,0
269,67.25,308893.44985521876,1766.8187822148643,929.7568159304366,1667.9844417014745,6634.062221385076,107.9278835494554,0.9999594898862234,0.9999999999999998,64,0.0,0.004761393976674364,58,58,6710.925432707614,0.0,0
270,67.5,308794.9378994148,1776.9897989080448,935.0837536188194,1678.1453299783475,6705.723917072204,109.11930100781359,0.999968604661823,0.9999999999999998,64,0.0,0.00479494602784619,58,58,6696.200332657364,0.0,0
271,67.75,308695.8615998286,1787.2166085489232,940.4436227053984,1688.342849714818,6777.817342958858,110.31797624351242,0.9999756686129129,0.9999999999999998,64,0.0,0.004828534669965017,58,58,6681.621955562958,0.0,0
272,68.0,308596.21879634156,1797.4985816084782,945.8362725341485,1698.5781624993365,6850.344251594668,111.52393542188014,0.9999811431750074,0.9999999999999998,64,0.0,0.0048621649878284184,58,58,6667.189226913047,0.0,0
273,68.25,308496.00729894295,1807.83514992669,951.2615344240235,1708.85237713585,6923.306434032634,112.73720553795108,0.9999853859606308,0.9999999999999998,64,0.0,0.004895841384738337,58,58,6652.901085522654,0.0,0
274,68.5,308395.2248925235,1818.225798849873,956.7192263467844,1719.1665501770858,6996.7057177241595,113.95781437876241,0.9999886741194888,0.9999999999999998,64,0.0,0.004929567507474774,58,58,6638.756482552899,0.0,0
275,68.75,308293.86933916516,1828.670062265657,962.2091567940295,1729.521686789627,7070.543964499598,115.18579048603175,0.9999912224426039,0.9999999999999998,64,0.0,0.0049633464514879854,56,56,6323.274178164241,0.0,0
276,69.0,308191.93756636156,1839.168331955938,967.7311280507024,1739.9187418781212,7144.823068634292,116.42116311945293,0.9999931973930181,0.9999999999999998,64,0.0,0.004997181072284673,56,56,6307.883968159176,0.0,0
277,69.25,308089.4273148379,1849.7201668818084,973.2849796439723,1750.3586214148481,7219.544955000751,117.66396222079445,0.999994727979589,0.9999999999999998,64,0.0,0.005031074852657406,56,56,6292.64901414653,0.0,0
278,69.5,307986.336302205,1860.3251711706766,978.870543376994,1760.8421869804727,7294.71157788804,118.9142183789479,0.9999959141841814,0.9999999999999998,64,0.0,0.005065031767396447,56,56,6277.568637293042,0.0,0
279,69.75,307882.66222982993,1870.9829849871119,984.4876462768675,1771.370256770159,7370.324919337741,120.17196279821965,0.9999968334927407,0.9999999999999998,64,0.0,0.0050990561684029385,56,56,6262.642139296068,0.0,0
280,70.0,307778.4027819454,1881.693283622331,990.1361128229314,1781.9436067848467,7446.386987557225,121.4372272673412,0.999997545956874,0.9999999999999998,64,0.0,0.005133152687115225,56,56,6247.868803481717,0.0,0
281,70.25,307673.5556444231,1892.4557569635049,995.8157669305717,1792.5629721471078,7522.89981540645,122.71004412933037,0.9999980981165772,0.9999999999999998,64,0.0,0.0051673261514246045,56,56,6233.247893807889,0.0,0
282,70.5,307568.1184887141,1903.2701248243843,1001.5264327313747,1803.2290485187896,7599.86545895918,123.9904462522926,0.9999985260403474,0.9999999999999998,64,0.0,0.0052015815152596755,56,56,6218.778661371857,0.0,0
283,70.75,307462.08899493987,1914.1361123573392,1007.2679360501497,1813.9424935265433,7677.285996124928,125.27846700123459,0.9999988576812693,0.9999999999999998,64,0.0,0.005235923799254726,56,56,6204.460332724773,0.0,0
284,71.0,307355.4648191158,1925.053482563564,1013.0401045206819,1824.7039282472138,7755.16352534193,126.57414021089642,0.9999991147029836,0.9999999999999998,64,0.0,0.005270358041100174,56,56,6190.2921303260555,0.0,0
285,71.25,307248.24362505233,1936.022002498814,1018.8427693166564,1835.5139386488643,7833.500164323736,127.8775001596444,0.9999993138948123,0.9999999999999998,64,0.0,0.005304889254322303,56,56,6176.273250384555,0.0,0
286,71.5,307140.4230934803,1947.0414339459621,1024.6757650383242,1846.373077110154,7912.298048880968,129.1885815443936,0.9999994682684796,0.9999999999999998,64,0.0,0.0053395223943982426,56,56,6162.40288314365,0.0,0
287,71.75,307032.0008196683,1958.1116360606186,1030.5389291429146,1857.2818638769515,7991.559331794659,130.50741945661514,0.9999995879080718,0.9999999999999998,64,0.0,0.00537426233121929,56,56,6148.680196272386,0.0,0
288,72.0,306922.9743737845,1969.2325001414051,1036.4321065581853,1868.2407884242075,8071.286181732392,131.83404935938438,0.9999996806287555,0.9999999999999998,64,0.0,0.005409113827036913,56,56,6135.104351317837,0.0,0
289,72.25,306813.34129872866,1980.4039501901548,1042.3551506225606,1879.2503111152068,8151.480782278071,133.16850706540168,0.9999997524872855,0.9999999999999998,64,0.0,0.005444081519128234,56,56,6121.674491753922,0.0,0
290,72.5,306703.0991343062,1991.625917103095,1048.3079239693398,1890.31086487207,8232.14533103314,134.51082871619826,0.9999998081776463,0.9999999999999998,64,0.0,0.005479169906538316,56,56,6108.38975776501,0.0,0
291,72.75,306592.24541746394,2002.8983380902796,1054.2902980415179,1901.4228568529106,8313.28203878894,135.86105076253546,0.9999998513376759,0.9999999999999998,64,0.0,0.0055143833402252936,56,56,6095.249234038471,0.0,0
292,73.0,306480.77768673276,2014.2211519169111,1060.3021526208963,1912.5866700327065,8394.893128750813,137.21920994600183,0.9999998847866988,0.9999999999999998,64,0.0,0.005549726016409156,56,56,6082.252044172449,0.0,0
293,73.25,306368.6934819828,2025.5942990710082,1066.3433751613047,1923.8026646923913,8476.980835810828,138.58534328173948,0.9999999107096915,0.9999999999999998,64,0.0,0.005585201971831754,56,56,6069.397318565461,0.0,0
294,73.5,306255.9903480994,2037.017718000877,1072.4138601897387,1935.071179804761,8559.547405863079,139.95948804223403,0.9999999308000109,0.9999999999999998,64,0.0,0.005620815081119782,56,56,6056.6841112585535,0.0,0
295,73.75,306142.6658206907,2048.4913595095204,1078.5135085728416,1946.3925343259643,8642.595095158957,141.34168174209458,0.9999999463700084,0.9999999999999998,64,0.0,0.0056565690560038025,56,56,6044.111526460198,0.0,0
296,74.0,306028.7174489554,2060.015163269332,1084.6422275685995,1957.767028385857,8726.12616969712,142.73196212375598,0.9999999584367565,0.9999999999999998,64,0.0,0.005692467445855628,56,56,6031.678638056337,0.0,0
297,74.25,305914.14277811546,2071.58907594578,1090.7999296991557,1969.1949444397212,8810.142904655891,144.1303671440316,0.9999999677884863,0.9999999999999998,64,0.0,0.0057285136392370255,56,56,6019.3844502381,0.0,0
298,74.5,305798.93938309187,2083.213017172074,1096.9865326304484,1980.6765482943108,8894.64758384984,145.53693496148853,0.9999999750360768,0.9999999999999998,64,0.0,0.005764710866486433,56,56,6007.228068192482,0.0,0
299,74.75,305683.1048522991,2094.8868971062398,1103.2019573613336,1992.212090088226,8979.642499220576,146.95170392455591,0.9999999806529596,0.9999999999999998,64,0.0,0.00580106220311742,56,56,5995.208691846146,0.0,0
300,75.0,305566.6367750424,2106.610629507643,1109.446127452241,2003.801805101461,9065.129950335968,148.3747125603332,0.9999999850060437,0.9999999999999998,64,0.0,0.005837570573861383,56,56,5983.325188379718,0.0,0
301,75.25,305449.5328219316,2118.3840511430417,1115.71896897653,2015.445914478184,9151.112243906695,149.8059995639771,0.9999999883796838,0.9999999999999998,64,0.0,0.00587423876674819,56,56,5971.576359209768,0.0,0
302,75.5,305331.7906969065,2130.2069736109443,1122.020406446492,2027.1446259200602,9237.59169332738,151.24560378860437,0.999999990994255,0.9999999999999998,64,0.0,0.0059110694361511834,56,56,5959.961396619967,0.0,0
303,75.75,305213.408119019,2142.0792028179458,1128.3503616943167,2038.8981340492592,9324.570618183818,152.69356423569013,0.9999999930205477,0.9999999999999998,64,0.0,0.0059480651064130865,56,56,5948.479530675659,0.0,0
304,76.0,305094.3828337328,2154.000527963221,1134.7087538267929,2050.706620674574,9412.051343756892,154.1499200457253,0.9999999945909244,0.9999999999999998,64,0.0,0.005985228175863869,56,56,5937.129788834036,0.0,0
305,76.25,304974.71259410225,2165.970741195648,1141.0954986332758,2062.570255044634,9500.036200535167,155.6147104890643,0.9999999958079664,0.9999999999999998,64,0.0,0.006022560921159632,56,56,5925.9117519909405,0.0,0
306,76.5,304854.3951923962,2177.9896058419135,1147.510509029373,2074.4891940476787,9588.52752372792,157.08797495695333,0.9999999967511739,0.9999999999999998,64,0.0,0.006060065501649305,56,56,5914.824420326006,0.0,0
307,76.75,304733.42846950237,2190.056848443708,1153.9536938724173,2086.463582437464,9677.527652791436,158.56975295270166,0.9999999974821598,0.9999999999999998,64,0.0,0.006097743963931594,56,56,5903.865143610368,0.0,0
308,77.0,304611.81029186404,2202.1721836598035,1160.4249564845654,2098.4935529622717,9767.038930946355,160.06008408301415,0.9999999980486738,0.9999999999999998,64,0.0,0.006135598246276589,56,56,5893.035557496394,0.0,0
309,77.25,304489.5385888993,2214.3352774414925,1166.9241945528624,2110.579226378533,9857.063704678385,161.55900804941575,0.9999999984877224,0.9999999999999998,64,0.0,0.0061736301832954615,56,56,5882.333575498431,0.0,0
310,77.5,304366.6113557535,2226.545746715259,1173.4512981970029,2122.720711456479,9947.604323238102,163.06656463968613,0.9999999988279848,0.9999999999999998,64,0.0,0.006211841510417396,56,56,5871.75635731002,0.0,0
311,77.75,304243.0265529496,2238.8032621833468,1180.0061481937478,2134.9181048406654,10038.663138113323,164.5827937192979,0.9999999990916881,0.9999999999999998,64,0.0,0.006250233868073725,56,56,5861.305644682159,0.0,0
312,78.0,304118.7820878608,2251.107564163014,1186.588619499902,2147.1714907823152,10130.242502471228,166.10773522275554,0.9999999992960583,0.9999999999999998,64,0.0,0.006288808806814402,56,56,5850.986523760581,0.0,0
313,78.25,303993.8759423917,2263.4583314239635,1193.198585252704,2159.48094114544,10222.344770641466,167.6414291447429,0.9999999994544452,0.9999999999999998,64,0.0,0.006327567792463338,56,56,5840.800068943903,0.0,0
314,78.5,303868.30611910723,2275.855238137201,1199.835913854911,2171.8465157127694,10314.972297656594,169.18391553127535,0.9999999995771951,0.9999999999999998,64,0.0,0.006366512211298268,56,56,5830.747735049152,0.0,0
315,78.75,303742.0707040576,2288.297891279995,1206.5004691675824,2184.2682622621464,10408.127438761612,170.73523447107019,0.9999999996723261,0.9999999999999998,64,0.0,0.006405643374933463,56,56,5820.831907973247,0.0,0
316,79.0,303615.1678713298,2300.7858294437992,1213.1921075559053,2196.7462166546384,10501.812548928894,172.2954260869717,0.9999999997460527,0.9999999999999998,64,0.0,0.006444962524919159,56,56,5811.055724697672,0.0,0
317,79.25,303487.5959288112,2313.318480490225,1219.910675139175,2209.280402697951,10596.029982334034,173.86453052743929,0.9999999998031909,0.9999999999999998,64,0.0,0.00648447083702186,56,56,5801.423294213734,0.0,0
318,79.5,303359.3532815263,2325.895203750627,1226.6560031691174,2221.8708318084628,10690.782091787592,175.44258795793786,0.9999999998474729,0.9999999999999998,64,0.0,0.006524169425212685,56,56,5791.940545947578,0.0,0
319,79.75,303230.43850169494,2338.515223394398,1233.4279059308346,2234.5175023387014,10786.071228089018,177.02963855208677,0.9999999998817914,0.9999999999999998,64,0.0,0.006564059345342541,56,56,5782.613986262622,0.0,0
320,80.0,303100.85036041704,2351.1776035026446,1240.226175499587,2247.2203987714174,10881.89973932703,178.62572248232868,0.9999999999083884,0.9999999999999998,64,0.0,0.006604141598699227,56,56,5773.453676819647,0.0,0
321,80.25,302970.58775666537,2363.8813270790956,1247.050575719399,2259.9794905491926,10978.269970076879,180.23087991002257,0.999999999929001,0.9999999999999998,64,0.0,0.006644417135174373,56,56,5764.471049287336,0.0,0
322,80.5,302839.64984440175,2376.625172988837,1253.9008406698363,2272.794730494248,11075.184260470665,181.84515097470054,0.9999999999449758,0.9999999999999998,64,0.0,0.0066848868562899445,56,56,5755.681464651201,0.0,0
323,80.75,302708.03591692564,2389.407841815464,1260.7766671166141,2285.666053169691,11172.644945190388,183.46857578219644,0.9999999999573563,0.9999999999999998,64,0.0,0.0067255516176931065,56,56,5747.1041080832765,0.0,0
324,81.0,302575.74557750265,2402.227789147674,1267.677713929118,2298.593372733091,11270.654352295851,185.10119439160337,0.9999999999669511,0.9999999999999998,64,0.0,0.006766412231381753,56,56,5738.76383512404,0.0,0
325,81.25,302442.77860352525,2415.083373667712,1274.603593214259,2311.5765808230217,11369.214801969067,186.74304680069844,0.999999999974387,0.9999999999999998,64,0.0,0.006807469467839577,56,56,5730.678109413828,0.0,0
326,81.5,302309.1349094353,2427.9728990742215,1281.5538696463718,2324.6155438561264,11468.328605058077,188.39417292985775,0.99999999998015,0.9999999999999998,64,0.0,0.006848724057140467,56,56,5722.865969137212,0.0,0
327,81.75,302174.8142060852,2440.894957470619,1288.5280619530854,2337.710100370457,11567.998061516562,190.05461260404067,0.9999999999846163,0.9999999999999998,64,0.0,0.006890176689750935,56,56,5715.36988753909,0.0,0
328,82.0,302039.81626651087,2453.8481491714256,1295.525661437948,2350.8600585751356,11668.225458771714,191.72440553287672,0.9999999999880775,0.9999999999999998,64,0.0,0.006931828017292807,56,56,5708.231860607299,0.0,0
329,82.25,301904.14062126045,2466.8313869633043,1302.5461348395597,2364.0651953767274,11769.013070270958,193.4035912890018,0.9999999999907601,0.9999999999999998,64,0.0,0.006973678653139475,56,56,5701.477765093949,0.0,0
330,82.5,301767.7860878444,2479.844351031264,1309.5889421484785,2377.3252556548114,11870.363154035422,195.09220928569948,0.9999999999928391,0.9999999999999998,64,0.0,0.007015729173094267,56,56,5695.086825778471,0.0,0
331,82.75,301630.7517487905,2492.8864725335347,1316.653575579642,2390.6399528997035,11972.277951442604,196.79029875402432,0.9999999999944502,0.9999999999999998,64,0.0,0.007057980115766519,56,56,5689.163338800168,0.0,0
332,83.0,301493.03537067276,2505.9585270246093,1323.7395442438506,2404.00897275033,12074.759686588088,198.49789872038127,0.999999999995699,0.9999999999999998,64,0.0,0.0071004319825873395,56,56,5683.575328222903,0.0,0
333,83.25,301354.63488354336,2519.0610878027956,1330.8464398590231,2417.431975256107,12177.81056555212,200.2150479866315,0.9999999999966667,0.9999999999999998,64,0.0,0.007143085237800516,56,56,5678.384292195835,0.0,0
334,83.5,301215.5482838295,2532.1946331264508,1337.97391926175,2430.908601986387,12281.432776684069,201.94178511181445,0.9999999999974167,0.9999999999999998,64,0.0,0.007185940307999885,56,56,5673.669700085406,0.0,0
335,83.75,301075.7736522899,2545.3595330097405,1345.1216938411305,2444.438481574362,12385.628490885905,203.6781483989476,0.9999999999979979,0.9999999999999998,64,0.0,0.007228997581265847,56,56,5669.5508775836215,0.0,0
336,84.0,300935.30735411774,2558.5578545314083,1352.2895192558021,2458.0212342705054,12490.399861938735,205.4241758857864,0.9999999999984484,0.9999999999999998,64,0.0,0.00727225740715682,56,56,5665.4925189354035,0.0,0
337,84.25,300794.1465008196,2571.7908151030597,1359.4772763345331,2471.656475562172,12595.749026841857,207.17990533883676,0.9999999999987974,0.9999999999999998,64,0.0,0.0073157200976376405,56,56,5661.497572683226,0.0,0
338,84.5,300652.28870874573,2585.059066421719,1366.6849174169602,2485.34382573147,12701.67810743417,208.9453742499526,0.9999999999990681,0.9999999999999998,64,0.0,0.007359385927291302,56,56,5657.576026367684,0.0,0
339,84.75,300509.732006276,2598.362815570398,1373.9124316829602,2499.082915047333,12808.189211583584,210.72061983976081,0.9999999999992777,0.9999999999999998,64,0.0,0.007403255133567532,56,56,5653.740197322455,0.0,0
340,85.0,300366.4745344772,2611.7021465906582,1381.1598196326445,2512.8733861718642,12915.284434062858,212.5056790647946,0.9999999999994403,0.9999999999999998,64,0.0,0.007447327916329346,56,56,5649.985026117266,0.0,0
341,85.25,300222.51468009426,2625.0768936440772,1388.4270859235485,2526.7148945667464,13022.965857145053,214.30058862634593,0.9999999999995661,0.9999999999999998,64,0.0,0.007491604436770003,56,56,5646.332041013669,0.0,0
342,85.5,300077.8509524566,2638.4867765995305,1395.7142265054354,2540.607108347914,13131.235551110942,216.1053849796079,0.9999999999996637,0.9999999999999998,64,0.0,0.007536084815283714,56,56,5642.769952894178,0.0,0
343,85.75,299932.482195319,2651.9311949071516,1403.0212236831412,2554.549707180539,13240.09557456748,217.92010434271353,0.9999999999997393,0.9999999999999998,64,0.0,0.0075807691289179555,56,56,5639.291189729634,0.0,0
344,86.0,299786.4075153301,2665.4093151506477,1410.3480313139323,2568.5423808431838,13349.547974657129,219.74478270498537,0.999999999999798,0.9999999999999998,64,0.0,0.007625657407685047,56,56,5635.911461627042,0.0,0
345,86.25,299639.62621824315,2678.920146480131,1417.6945657041495,2582.584826733044,13459.594787005411,221.57945583415903,0.9999999999998435,0.9999999999999998,64,0.0,0.007670749629590465,56,56,5632.753302471065,0.0,0
346,86.5,299492.1379193558,2692.462438043464,1425.0607010902854,2596.6767467775317,13570.23803545113,223.42415928182552,0.9999999999998787,0.9999999999999998,64,0.0,0.007716045715474648,56,56,5629.711491761099,0.0,0
347,86.75,299343.94280319475,2706.034432302322,1432.4462603951117,2610.8178441172486,13681.479731603915,225.27892838666662,0.9999999999999059,0.9999999999999998,64,0.0,0.00776154552226467,56,56,5626.960710471689,0.0,0
348,87.0,299195.04141979635,2719.6340940856394,1439.8509944749503,2625.007819214123,13793.321874153666,227.14379827532179,0.9999999999999272,0.9999999999999998,64,0.0,0.007807248836324125,56,56,5624.494528883206,0.0,0
349,87.25,299045.4347927851,2733.259016392641,1447.27457467254,2639.2463645420967,13905.766447747232,229.01880386047475,0.9999999999999435,0.9999999999999998,64,0.0,0.0078531553649562,56,56,5622.27453966599,0.0,0
350,87.5,298895.1242492725,2746.906609085513,1454.7165813249812,2653.5331589088914,14018.815421572956,230.90397983514765,0.9999999999999561,0.9999999999999998,64,0.0,0.007899264728045306,56,56,5620.164978248695,0.0,0
351,87.75,298744.11220997886,2760.573317924919,1462.1765027323836,2667.8678611186615,14132.470747582265,232.79936066293973,0.999999999999966,0.9999999999999998,64,0.0,0.007945576450337537,56,56,5618.760867431997,0.0,0
352,88.0,298592.4021116141,2774.254750393414,1469.6536951703808,2682.250103783638,14246.734358474738,234.70498056373873,0.9999999999999736,0.9999999999999998,64,0.0,0.007992089958330404,56,56,5618.3083562106785,0.0,0
353,88.25,298439.9971963944,2787.946928093435,1477.147352764125,2696.6794843577154,14361.608164895315,236.6208734950128,0.9999999999999796,0.9999999999999998,64,0.125,0.008038804577939096,56,56,5618.652475604762,0.0,0
354,88.5,298286.90157667105,2801.6452014121714,1484.6565426719997,2711.1555542308206,14477.094051887321,238.5470731266969,0.999999999999984,0.9999999999999998,64,0.234375,0.0080857195364179,56,56,5620.010338384791,0.0,0
355,88.75,298133.1200710115,2815.344447001138,1492.1801828611797,2725.677810851548,14593.19387546643,240.48361280829033,0.9999999999999877,0.9999999999999998,64,0.330078125,0.008132833973345972,56,56,5622.6806477561695,0.0,0
356,89.0,297978.65770312736,2829.039592535175,1499.7170317414884,2740.245688464296,14709.909458601393,242.43052553032715,0.9999999999999905,0.9999999999999998,64,0.413818359375,0.008180146947633558,56,56,5627.083817810684,0.0,0
357,89.25,297823.51564671687,2842.729669318965,1507.2657049627574,2754.858548399754,14827.242586722521,244.38784387923022,0.9999999999999927,0.9999999999999998,64,0.487091064453125,0.00822765745968188,56,56,5631.993210977355,0.0,0
358,89.5,297667.6958928903,2856.4129396795806,1514.8248933427449,2769.5156709719695,14945.195003130266,246.35559998523004,0.9999999999999942,0.9999999999999998,64,0.5512046813964844,0.008275364468666592,56,56,5637.634955907584,0.0,0
359,89.75,297511.1971926277,2870.090992958172,1522.3933177068361,2784.216264009391,15063.768407233467,248.3338254644957,0.9999999999999956,0.9999999999999998,64,0.6073040962219238,0.008323266906738413,56,56,5643.736166738454,0.0,0
360,90.0,297354.0186031889,2883.765032749005,1529.9698925594912,2798.9594676942115,15182.964452441036,250.32255136735958,0.9999999999999964,0.9999999999999998,64,0.6563910841941833,0.008371363690315653,56,56,5650.426786252296,0.0,0
361,90.25,297196.159510248,2897.4358740525126,1537.55368950413,2813.7443715042364,15302.784746561185,252.32180812999832,0.9999999999999973,0.9999999999999998,64,0.6993421986699104,0.008419653749941946,56,56,5657.893083588368,0.0,0
362,90.5,297037.6194177922,2911.1041728057094,1545.143903786744,2828.570027806181,15423.230852271035,254.33162553821558,0.9999999999999978,0.9999999999999998,64,0.7369244238361716,0.008468136046522167,56,56,5666.419985309372,0.0,0
363,90.75,296878.3923002611,2924.7760816964665,1552.739835303213,2843.4354624542516,15544.304287584062,256.35203270093433,0.9999999999999982,0.9999999999999998,64,0.7698088708566502,0.008516809578864559,56,56,5674.853614053309,0.0,0
364,91.0,296718.4732800527,2938.456297820041,1560.3411540931065,2858.3396835857693,15666.00652641715,258.38305803125877,0.9999999999999987,0.9999999999999998,64,0.7985827619995689,0.008565673384978413,56,56,5683.204036183506,0.0,0
365,91.25,296557.85840206244,2952.1483609193183,1567.94779451151,2873.2817100146895,15788.339003258268,260.42472923382,0.9999999999999989,0.9999999999999998,64,0.8237599167496228,0.008614726541648507,56,56,5691.476013598574,0.0,0
366,91.5,296396.54443864286,2965.854906292946,1575.5598737618052,2888.2605906739564,15911.303117316089,262.47707331240196,0.9999999999999991,0.9999999999999998,64,0.8457899271559199,0.008663968161010163,56,56,5699.676177547386,0.0,0
367,91.75,296234.5287458186,2979.577853802555,1583.1776303477197,2903.2754172534505,16034.900236186275,264.54011659145476,0.9999999999999993,0.9999999999999998,64,0.86506618626143,0.008713397386088029,56,56,5707.810468308362,0.0,0
368,92.0,296071.809040568,2993.3186663630263,1590.801377471087,2918.3253317704775,16159.131699080828,266.6138847466358,0.9999999999999996,0.9999999999999998,64,0.8819329129787512,0.00876301338302251,56,56,5715.900987807761,0.0,0
369,92.25,295908.3834543123,3007.0783193005755,1598.4314735150342,2933.409530374721,16283.998819656666,268.6984028407576,0.9999999999999996,0.9999999999999998,64,0.8966912988564073,0.008812815331435492,56,56,5723.962029794735,0.0,0
370,92.5,295744.25047633704,3020.8573813107105,1606.0682936305063,2948.527264803537,16409.50288855571,270.79369536245383,0.9999999999999996,0.9999999999999998,64,0.9096048864993564,0.008862802414074736,56,56,5732.006697728136,0.0,0
371,92.75,295579.4089306077,3034.6560579745137,1613.7122079076037,2963.6778416542707,16535.645175589983,272.8997862658849,0.9999999999999998,0.9999999999999998,64,0.9209042756869369,0.008912973804654516,56,56,5740.056185990617,0.0,0
372,93.0,295413.85796485486,3048.474220828684,1621.3635636717217,2978.860620045402,16662.426931589423,275.0166990099237,0.9999999999999998,0.9999999999999998,64,0.9307912412260698,0.008963328651258035,56,56,5748.1350867579995,0.0,0
373,93.25,295247.59703893214,3062.3114357099785,1629.0226708138953,2994.0750080334456,16789.849389914893,277.14445659567036,0.9999999999999998,0.9999999999999998,64,0.9394423360728111,0.009013866058575123,56,56,5756.2663951603245,0.0,0
374,93.5,295080.6258819358,3076.1670209207523,1636.6897898481534,3009.3204580575784,16917.913767636262,279.2830816014086,0.9999999999999998,0.9999999999999998,64,0.9470120440637098,0.009064585068067505,56,56,5764.459474664461,0.0,0
375,93.75,294912.9445816151,3090.039970195474,1644.365123943463,3024.5964616512765,17046.621266380396,281.43259621430684,0.9999999999999998,0.9999999999999998,64,0.953635538555746,0.009115484638585554,56,56,5772.7661920506225,0.0,0
376,94.0,294744.5534405075,3103.9291127933348,1652.0488078154276,3039.902543745205,17175.97307288024,283.59302225834347,0.9999999999999998,0.9999999999999998,64,0.9594310962362778,0.009166563618289776,56,56,5781.1688250286425,0.0,0
377,94.25,294575.45309498254,3117.833002678586,1659.740905614431,3055.2382563404617,17305.970359165825,285.7643812181615,0.9999999999999998,0.9999999999999998,64,0.964502209206743,0.009217820710492243,56,56,5789.711493178296,0.0,0
378,94.5,294405.6445896223,3131.749857904939,1667.4414034613574,3070.603172249385,17436.614282503666,287.9466942584047,0.9999999999999998,0.9999999999999998,64,0.9689394330559001,0.009269254448936995,56,56,5798.458821955559,0.0,0
379,94.75,294235.1292889675,3145.6776656644597,1675.1501996189834,3085.99687850008,17567.905985010413,290.1399822385828,0.9999999999999998,0.9999999999999998,64,0.9728220039239126,0.009320863168733198,56,56,5807.484533251496,0.0,0
380,95.0,294063.90862368763,3159.614447661138,1682.8671007933685,3101.418969239358,17699.84659289533,292.3442657232257,0.9999999999999998,0.9999999999999998,64,0.9762192534334235,0.009372644975871825,56,56,5816.668080039861,0.0,0
381,95.25,293891.984364068,3173.557984897687,1690.5918320341602,3116.8690386117414,17832.43721540147,294.5595649869681,0.9999999999999998,0.9999999999999998,64,0.9791918467542455,0.009424597721741248,56,56,5826.06759055996,0.0,0
382,95.5,293719.35834622843,3187.50610349237,1698.3240319902802,3132.3466746353124,17965.678943639083,296.7859000145479,0.9999999999999999,0.9999999999999998,64,0.9817928659099648,0.009476719029605897,56,56,5835.721507004842,0.0,0
383,95.75,293546.03193202824,3201.457212517962,1706.0632628800527,3147.851452940465,18099.572849136894,299.0232904964303,0.9999999999999999,0.9999999999999998,64,0.9840687576712193,0.00952900630956741,56,56,5845.606550930221,0.0,0
384,96.0,293372.00704263954,3215.4092412807386,1713.8090464630889,3163.382931480024,18234.119982316668,301.2717558199592,0.9999999999999999,0.9999999999999998,64,0.9860601629623169,0.009581456811356984,56,56,5855.858674683572,0.0,0
385,96.25,293197.28408877004,3229.361733086188,1721.5608436643502,3178.940648126183,18369.32137129651,303.53131505673065,0.9999999999999999,0.9999999999999998,64,0.9878026425920273,0.009634067666701239,56,56,5866.312221191129,0.0,0
386,96.5,293021.86365142034,3243.3140837815863,1729.318140705771,3194.524116825074,18505.178020318992,305.80198694824935,0.9999999999999999,0.9999999999999998,64,0.989327312268024,0.009686835922359955,56,56,5877.045663271471,0.0,0
387,96.75,292845.74651079654,3257.265520216275,1737.0804394746922,3210.1328303485407,18641.690909275094,308.08378988883874,0.9999999999999999,0.9999999999999998,64,0.9906613982345209,0.009739758567553212,56,56,5888.170806945106,0.0,0
388,97.0,292668.93369025906,3271.2150647429817,1744.8472476752659,3225.766262225266,18778.86099318693,310.3767419105162,0.9999999999999999,0.9999999999999998,64,0.9918287234552058,0.009792832622651591,56,56,5899.855205076378,0.0,0
389,97.25,292491.422911915,3285.1650898498683,1752.6180680842658,3241.423867864294,18916.68920161732,312.68086066924855,0.9999999999999999,0.9999999999999998,64,0.992850133023305,0.00984605519995737,56,56,5911.404486846852,0.0,0
390,97.5,292313.2123416681,3299.11740560438,1760.392566497807,3257.105084832604,19055.1764379652,314.99616343200876,0.9999999999999999,0.9999999999999998,64,0.9937438663953919,0.009899423543265328,56,56,5922.821080489726,0.0,0
391,97.75,292134.30050568486,3313.0733713072837,1768.1705290550078,3272.8093457187747,19194.32358117003,317.3226670640321,0.9999999999999999,0.9999999999999998,64,0.9945258830959679,0.00995293505161598,56,56,5934.107353110829,0.0,0
392,98.0,291954.68622631184,3327.03398211496,1775.9518289547461,3288.5360873365157,19334.13148725668,319.66038802525975,0.9999999999999999,0.9999999999999998,64,0.9952101477089719,0.01000658729129837,56,56,5945.265612595165,0.0,0
393,98.25,291774.3685722379,3340.99993708315,1783.7364004752487,3304.2847571032457,19474.600990727096,322.0093423733573,0.9999999999999999,0.9999999999999998,64,0.9958088792453503,0.010060378000518722,56,56,5956.298109446037,0.0,0
394,98.5,291593.34681929066,3354.971693176206,1791.524218715545,3320.054817242345,19615.732905803932,324.36954577128813,0.9999999999999999,0.9999999999999998,64,0.9963327693396815,0.010114305087250485,56,56,5967.207038559245,0.0,0
395,98.75,291411.62041929364,3368.9495085144017,1799.3152838461815,3335.8457473159274,19757.528027531924,326.7410134978898,0.9999999999999999,0.9999999999999998,64,0.9967911731722213,0.010168366622047892,56,56,5977.994540934897,0.0,0
396,99.0,291229.1889751199,3382.9334772624534,1807.1096089284924,3351.657045485965,19899.987132742925,329.1237604602584,0.9999999999999999,0.9999999999999998,64,0.9971922765256936,0.010222560826965987,56,56,5988.662705329169,0.0,0
397,99.25,291046.05222056515,3396.9235579541,1814.9072105658568,3367.4882288168174,20043.110980891055,331.51780120703404,0.9999999999999999,0.9999999999999998,64,0.9975432419599819,0.010276886061434334,56,56,5999.213569848314,0.0,0
398,99.5,290862.21000400843,3410.919596613061,1822.708101805896,3383.338832865799,20186.90031476487,333.9231499419032,0.9999999999999999,0.9999999999999998,64,0.9978503367149841,0.010331340805829948,56,56,6009.649123487092,0.0,0
399,99.75,290677.66227507626,3424.9213457146006,1830.512286832451,3399.208410756034,20331.35586108383,336.33982053680734,0.9999999999999999,0.9999999999999998,64,0.9981190446256111,0.01038592364376109,56,56,6019.971307613723,0.0,0
400,100.0,290492.40907370683,3438.928479798281,1838.3197570795692,3415.0965318843237,20476.478330986465,338.7678265444902,0.9999999999999999,0.9999999999999998,64,0.9983541640474097,0.010440633242370698,56,56,6030.182017403391,0.0,0
401,100.25,290306.4505211479,3452.9406083673102,1846.1304884730932,3431.002780383709,20622.268420417837,341.2071812101219,0.9999999999999999,0.9999999999999998,64,0.9985598935414836,0.010495468332836842,56,56,6040.283103222198,0.0,0
402,100.5,290119.78681251995,3466.9572865769132,1853.9444395635041,3446.9267534340584,20768.726810423745,343.65789748182453,0.9999999999999999,0.9999999999999998,64,0.9987399068487981,0.010550427689808323,56,56,6050.276371963471,0.0,0
403,100.75,289932.4182106559,3480.978024112055,1861.761550359894,3462.8680594929615,20915.85416735913,346.11998801999175,0.9999999999999999,0.9999999999999998,64,0.9988974184926983,0.010605510109258073,56,56,6060.163588338157,0.0,0
404,101.0,289744.34504098666,3495.0022925757366,1869.5817417119347,3478.826316502348,21063.651143017953,348.5934652053438,0.9999999999999999,0.9999999999999998,64,0.999035241181111,0.010660714386245967,56,56,6069.946476121064,0.0,0
405,101.25,289555.5676872864,3509.029531647204,1877.404915116442,3494.801150112802,21212.11837469142,351.07834114570267,0.9999999999999999,0.9999999999999998,64,0.9991558360334721,0.010716039295780815,56,56,6079.626719354549,0.0,0
406,101.5,289366.08658813057,3523.059154220641,1885.2309528491196,3510.7921919567925,21361.256485161313,353.57462768149753,0.9999999999999999,0.9999999999999998,64,0.9992613565292882,0.010771483573240299,56,56,6089.205963511282,0.0,0
407,101.75,289175.902233944,3537.0905506962154,1893.0597183414804,3526.7990779934476,21511.06608263479,356.0823363900381,0.9999999999999999,0.9999999999999998,64,0.9993536869631271,0.010827045897812448,56,56,6098.685816617548,0.0,0
408,102.0,288985.01516454096,3551.123092564414,1900.8910567386588,3542.821446940722,21661.547760626585,358.6014785886049,0.9999999999999999,0.9999999999999998,64,0.9994344760927362,0.010882724884946605,56,56,6108.067850338604,0.0,0
409,102.25,288793.4259670773,3565.1561353997718,1908.7247955866424,3558.8589388053815,21812.702097794347,361.13206533641966,0.9999999999999999,0.9999999999999998,64,0.9995051665811442,0.010938519074291636,56,56,6117.353601027445,0.0,0
410,102.5,288601.13527434715,3579.1890213599745,1916.5607456078233,3574.911193517044,21964.529657732342,363.6741074355664,0.9999999999999999,0.9999999999999998,64,0.9995670207585011,0.01099442693824181,56,56,6126.544570738359,0.0,0
411,102.75,288408.14376336907,3593.221081270043,1924.3987015322668,3590.977849669165,22117.03098872841,366.22761543093566,0.9999999999999999,0.9999999999999998,64,0.9996211431636884,0.01105044688792432,56,56,6135.642228206545,0.0,0
412,103.0,288214.45215421764,3607.251636357964,1932.2384429589592,3607.058543367329,22270.206623488717,368.7925996092708,0.9999999999999999,0.9999999999999998,64,0.9996685002682274,0.01110657727666732,56,56,6144.648009795055,0.0,0
413,103.25,288020.06120906054,3621.279999697218,1940.0797352269506,3623.152907183275,22424.057078834558,371.3690699973903,0.9999999999999999,0.9999999999999998,64,0.999709937734699,0.011162816400826916,56,56,6153.563320410236,0.0,0
414,103.5,287824.9717313702,3635.3054774026814,1947.9223302808336,3639.2605692116085,22578.58285537493,373.9570363596641,0.9999999999999999,0.9999999999999998,64,0.9997461955178616,0.011219162539946271,56,56,6162.389534386847,0.0,0
415,103.75,287629.1845652838,3649.327369618915,1955.7659675187501,3655.3811522251135,22733.78443715849,376.55650819481525,0.9999999999999999,0.9999999999999998,64,0.9997779210781289,0.011275613985505547,56,56,6171.127996343937,0.0,0
416,104.0,287432.700595088,3663.3449713337354,1963.6103746140932,3671.514272923837,22889.66229130807,379.1674947321189,0.9999999999999999,0.9999999999999998,64,0.9998056809433628,0.011332169060864384,56,56,6179.780022012557,0.0,0
417,104.25,287235.5207448103,3677.3575730447737,1971.4552683045217,3687.659541272614,23046.2168676406,381.79000492706444,0.9999999999999999,0.9999999999999998,64,0.9998299708254424,0.011388826134417605,56,56,6188.346899036319,0.0,0
418,104.5,287037.64597790036,3691.364461302479,1979.300355143857,3703.8165599214317,23203.448598275205,384.42404745654494,0.9999999999999999,0.9999999999999998,64,0.9998512244722622,0.01144558362754318,56,56,6196.829887745793,0.0,0
419,104.75,286839.0772969883,3705.364919149408,1987.1453322139937,3719.984923702884,23361.357897231654,387.0696307136316,0.9999999999999999,0.9999999999999998,64,0.9998698214132293,0.01150244001858195,56,56,6205.2302219076855,0.0,0
420,105.0,286639.8157437076,3719.3582264726206,1994.9898877952146,3736.1642192009735,23519.945160021452,389.72676280199084,0.9999999999999999,0.9999999999999998,64,0.9998860937365757,0.011559393843824536,56,56,6213.54910944971,0.0,0
421,105.25,286439.8623985731,3733.343660283461,2002.833701994273,3752.3540243855796,23679.210763233423,392.39545152999153,0.9999999999999999,0.9999999999999998,64,0.9999003320195037,0.01161644369627407,56,56,6221.7877331620075,0.0,0
422,105.5,286239.2183809056,3747.320494936839,2010.6764473303856,3768.5539083070935,23839.155064115406,395.0757044045527,0.9999999999999999,0.9999999999999998,64,0.9999127905170657,0.01167358822279013,56,56,6229.947251375985,0.0,0
423,105.75,286037.88484879525,3761.288002300315,2018.517789279872,3784.7634308459046,23999.77840015373,397.76752862477207,0.9999999999999999,0.9999999999999998,64,0.9999236917024326,0.011730826120090044,56,56,6238.02879862136,0.0,0
424,106.0,285835.86299909884,3775.2454518817344,2026.3573867806135,3800.9821425116843,24161.08108865162,400.47093107537626,0.9999999999999999,0.9999999999999998,64,0.9999332302396284,0.01178815612998072,56,56,6246.033486262187,0.0,0
425,106.25,285633.1540674636,3789.1921109228515,2034.1948926978596,3817.2095842876697,24323.063426307825,403.18591832002744,0.9999999999999999,0.9999999999999998,64,0.9999415764596749,0.011845577034112134,56,56,6253.962403112634,0.0,0
426,106.5,285429.7593283751,3803.127244465249,2042.0299542531218,3833.4452875154498,24485.725688796436,405.9124965945186,0.9999999999999999,0.9999999999999998,64,0.9999488794022156,0.011903087648477978,56,56,6261.8166160332075,0.0,0
427,106.75,285225.6800952231,3817.0501153939254,2049.8622134180696,3849.6887738160253,24649.0681303488,408.6506717998868,0.9999999999999999,0.9999999999999998,64,0.9999552694769386,0.011960686817836538,56,56,6269.597170508132,0.0,0
428,107.0,285020.91772038426,3830.959984463072,2057.6913072754382,3865.939555043237,24813.09098333834,411.40044949546973,0.9999999999999999,0.9999999999999998,64,0.9999608607923213,0.012018373410182828,56,56,6277.305091204542,0.0,0
429,107.25,284815.4735953163,3844.8561103079123,2065.516868348999,3882.197133265922,24977.79445786879,414.1618348919292,0.9999999999999999,0.9999999999999998,64,0.9999657531932811,0.012076146311369657,56,56,6284.941382514128,0.0,0
430,107.5,284609.34915066295,3858.7377494458296,2073.3385249046632,3898.4610007754563,25143.178741366653,416.9348328442619,0.9999999999999999,0.9999999999999998,64,0.9999700340441209,0.012134004419948392,56,56,6292.507029077871,0.0,0
431,107.75,284402.545856367,3872.604156269538,2081.1559012247526,3914.7306401156115,25309.24399817815,419.7194478448158,0.9999999999999999,0.9999999999999998,64,0.9999737797886058,0.012191946642279147,56,56,6300.002996294424,0.0,0
432,108.0,284195.0652217885,3886.454583034588,2088.9686178574475,3931.0055241319105,25475.990369171115,422.51568401632704,0.9999999999999999,0.9999999999999998,64,0.9999770573150301,0.012249971887943129,56,56,6307.430230812743,0.0,0
433,108.25,283986.9087958281,3900.2882798431497,2096.7762918433336,3947.2851160379364,25643.417971342267,425.3235451049926,0.9999999999999999,0.9999999999999998,64,0.9999799251506513,0.012308079065476908,56,56,6314.78966100951,0.0,0
434,108.5,283778.0781670535,3914.1044946256725,2104.578536920908,3963.56886949626,25811.526897429932,428.14303447359123,0.9999999999999999,0.9999999999999998,64,0.9999824345068199,0.012366267078437816,56,56,6322.082197451869,0.0,0
435,108.75,283568.5749638261,3927.902473121759,2112.3749637128244,3979.8562287118903,25980.3172155326,430.97415509466,0.9999999999999999,0.9999999999999998,64,0.9999846301934674,0.012424534821801874,56,56,6329.30873334599,0.0,0
436,109.0,283358.4008544304,3941.6814588613593,2120.165179894553,3996.146628536356,26149.78896873341,433.81690954373994,0.9999999999999999,0.9999999999999998,64,0.9999865514192839,0.01248288117868958,56,56,6336.470144971948,0.0,0
437,109.25,283147.5575472015,3955.440693147186,2127.9487903470363,4012.4394945807203,26319.942174730677,436.67129999269434,0.9999999999999999,0.9999999999999998,64,0.9999882324918734,0.012541305017410227,56,56,6343.567292105404,0.0,0
438,109.5,282936.04679065227,3969.179415039086,2135.7253972948383,4028.734243336008,26490.77682547453,439.53732820310915,0.9999999999999999,0.9999999999999998,64,0.9999897034303893,0.012599805188812277,56,56,6350.601018426512,0.0,0
439,109.75,282723.8703735984,3982.8968613409497,2143.4946004311823,4045.0302822996923,26662.292886809795,442.41499551977785,0.9999999999999999,0.9999999999999998,64,0.9999909905015907,0.012658380523924862,57,57,6509.152254702358,0.0,0
440,110.0,282511.03019039484,3996.5922014775388,2151.2559970311604,4061.327010107041,26834.490298125012,445.30430286427764,0.9999999999999999,0.9999999999999998,64,0.9999921166888919,0.012717029831873995,57,57,6515.225802887479,0.0,0
441,110.25,282297.52810085635,4010.2646809421535,2159.009178798684,4077.6238166662706,27007.36897200778,448.2052507286397,0.9999999999999999,0.9999999999999998,64,0.9999931021027804,0.012775751898056176,57,57,6521.246698613606,0.0,0
442,110.5,282083.3660071647,4023.913540586702,2166.7537361673376,4093.920083052376,27180.928793859646,451.11783916911565,0.9999999999999999,0.9999999999999998,64,0.9999939643399328,0.01283454548255161,57,57,6527.215613848621,0.0,0
443,110.75,281868.54585372785,4037.5380169941864,2174.4892581817317,4110.215181727342,27355.16962156887,454.04206779986737,0.9999999999999999,0.9999999999999998,64,0.9999947187974412,0.012893409318759262,57,57,6533.1332081403425,0.0,0
444,111.0,281653.0696270718,4051.137342800552,2182.215332408072,4126.508476743566,27530.091285189068,456.97793578681546,0.9999999999999999,0.9999999999999998,64,0.999995378947761,0.012952342112236158,57,57,6539.000128924682,0.0,0
445,111.25,281436.9393557585,4064.710746973773,2189.9315448688076,4142.79932393333,27705.693586623776,459.9254418416323,0.9999999999999999,0.9999999999999998,64,0.9999959565792909,0.013011342539723896,57,57,6544.817011824458,0.0,0
446,111.5,281220.1571103267,4078.2574550569216,2197.637479997067,4159.087071086586,27881.976299316713,462.88458421587035,0.9999999999999999,0.9999999999999998,64,0.9999964620068795,0.013070409248345865,57,57,6550.584480939114,0.0,0
447,111.75,281002.7250032498,4091.7766893809485,2205.3327206073177,4175.371058118988,28058.93916794756,465.855360695218,0.9999999999999999,0.9999999999999998,64,0.9999969042560196,0.013129540854959564,57,57,6556.303149125699,0.0,0
448,112.0,280784.64518890966,4105.267669252076,2213.0168478792834,4191.650617231716,28236.581908133256,468.8377685938744,0.9999999999999999,0.9999999999999998,64,0.9999972912240171,0.013188735945649054,57,57,6561.973618271406,0.0,0
449,112.25,280565.9198635811,4118.729611118009,2220.689441352665,4207.925073064386,28414.904206134644,471.83180474903986,0.9999999999999999,0.9999999999999998,64,0.999997629821015,0.013247993075343653,57,57,6567.596479557941,0.0,0
450,112.5,280346.5512654267,4132.161728716499,2228.3500789306495,4224.193742842108,28593.90571856836,474.8374655155144,0.9999999999999999,0.9999999999999998,64,0.9999979260933881,0.013307310767549726,57,57,6573.172313718031,0.0,0
451,112.75,280126.54167449806,4145.563233209334,2235.998336890523,4240.455936517546,28773.586072123988,477.85474676040167,0.9999999999999999,0.9999999999999998,64,0.9999981853317146,0.013366687514183457,57,57,6578.701691284293,0.0,0
452,113.0,279905.89341274265,4158.9333333043105,2243.633789900051,4256.710956908709,28953.944863286255,480.8836438579142,0.9999999999999999,0.9999999999999998,64,0.9999984121652503,0.013426121775493283,57,57,6584.185172830791,0.0,0
453,113.25,279684.6088440143,4172.271235367435,2251.2560110384757,4272.958099833044,29134.981658062345,483.9241516842775,0.9999999999999999,0.9999999999999998,64,0.999998610644594,0.01348561198006162,57,57,6589.6233092074635,0.0,0
454,113.5,279462.69037408615,4185.576143527157,2258.8645718212697,4289.196654238322,29316.695991714194,486.97626461272966,0.9999999999999999,0.9999999999999998,64,0.9999987843140198,0.013545156524876336,57,57,6595.0166417676965,0.0,0
455,113.75,279240.1404506647,4198.847259772292,2266.459042227871,4305.42590233069,29499.087368495693,490.03997650861425,0.9999999999999999,0.9999999999999998,64,0.9999989362747673,0.013604753775463243,57,57,6600.365702589277,0.0,0
456,114.0,279016.9615634035,4212.083784044916,2274.038990731855,4321.645119700256,29682.15526139481,493.11528072456474,0.9999999999999999,0.9999999999999998,64,0.9999990692404214,0.013664402066071654,57,57,6605.671014688931,0.0,0
457,114.25,278793.1562439167,4225.284914329404,2281.603984333042,4337.853575444422,29865.89911188049,496.20217009577914,0.9999999999999999,0.9999999999999998,64,0.9999991855853687,0.013724099699905784,57,57,6610.933092230673,0.0,0
458,114.5,278568.7270657911,4238.449846738538,2289.153588591205,4354.050532289242,30050.318329654372,499.3006369353824,0.9999999999999999,0.9999999999999998,64,0.9999992873871977,0.01378384494939547,57,57,6616.15244072817,0.0,0
459,114.75,278343.67664459517,4251.577775597502,2296.68736766106,4370.235246708967,30235.412292407225,502.4106730298747,0.9999999999999999,0.9999999999999998,64,0.999999376463798,0.013843636056500299,57,57,6621.329557241326,0.0,0
460,115.0,278118.0076378864,4264.66789352643,2304.20488432834,4386.406969043941,30421.180345580055,505.5322696346667,0.9999999999999999,0.9999999999999998,64,0.9999994544058233,0.013903471233041921,57,57,6626.4649305672665,0.0,0
461,115.25,277891.7227452145,4277.719391522056,2311.705700046774,4402.564943616997,30607.621802129855,508.6654174696982,0.9999999999999999,0.9999999999999998,64,0.9999995226050954,0.01396334866105974,57,57,6631.559041425918,0.0,0
462,115.5,277664.8247081215,4290.731459038948,2319.1893749758437,4418.70840884847,30794.735942299976,511.8101067151389,0.9999999999999999,0.9999999999999998,64,0.9999995822794585,0.014023266493185844,57,57,6636.6123626403605,0.0,0
463,115.75,277437.3163101378,4303.703284070683,2326.6554680192335,4434.836597369926,30982.52201339504,514.9663270071735,0.9999999999999999,0.9999999999999998,64,0.9999996344945262,0.014083222853035371,57,57,6641.625359312124,0.0,0
464,116.0,277209.2003767736,4316.634053231313,2334.1035368639077,4450.948736136729,31170.979229560406,518.1340674338662,0.9999999999999999,0.9999999999999998,64,0.9999996801827105,0.014143215835609095,57,57,6646.598488991582,0.0,0
465,116.25,276980.479775506,4329.522951837325,2341.533138019767,4467.044046539496,31360.106771566105,521.3133165311067,0.9999999999999999,0.9999999999999998,64,0.9999997201598716,0.014203243506942161,57,57,6651.532201843633,0.0,0
466,116.5,276751.15741576115,4342.36916399036,2348.9438268598688,4483.121744514568,31549.90378659527,524.504062278635,0.9999999999999999,0.9999999999999998,64,0.9999997551398876,0.014263303904772527,57,57,6656.4269408087885,0.0,0
467,116.75,276521.23624889116,4355.171872660802,2356.335157661184,4499.181040653538,31740.369388036994,527.7062920961455,0.9999999999999999,0.9999999999999998,64,0.9999997857474017,0.01432339503915744,57,57,6661.283141759837,0.0,0
468,117.0,276290.71926814655,4367.930259772409,2363.7066836459044,4515.221140311929,31931.5026552836,530.9199928394694,0.9999999999999999,0.9999999999999998,64,0.9999998125289764,0.014383514893046756,57,57,6666.10123365423,0.0,0
469,117.25,276059.6095086422,4380.643506288041,2371.057957023283,4531.241243717089,32123.302633532312,534.1451507968351,0.9999999999999999,0.9999999999999998,64,0.9999998359628544,0.014443661422820176,57,57,6670.881638682297,0.0,0
470,117.5,275827.91004731925,4393.310792296603,2378.388529032035,4547.240546075367,32315.768333591313,537.3817516852043,0.9999999999999999,0.9999999999999998,64,0.9999998564674976,0.014503832558794394,57,57,6675.624772411484,0.0,0
471,117.75,275595.62400289986,4405.931297101219,2385.6979499832905,4563.2182376786495,32508.898731690126,540.6297806466869,0.9999999999999999,0.9999999999999998,64,0.9999998744090604,0.014564026205704968,57,57,6680.331043926663,0.0,0
472,118.0,275362.75453583733,4418.5041993086925,2392.985769304129,4579.173504010302,32702.692769294354,543.8892222450287,0.9999999999999999,0.9999999999999998,64,0.9999998901079278,0.014624240243166957,57,57,6685.000855966724,0.0,0
473,118.25,275129.30484826036,4431.0286769202685,2400.251535581695,4595.105525850601,32897.149352924775,547.1600604621789,0.9999999999999999,0.9999999999999998,64,0.9999999038444368,0.014684472526117572,57,57,6689.634605057476,0.0,0
474,118.5,274895.2781839109,4443.503907423703,2407.4947966079144,4611.013479381707,33092.26735398071,550.4422786949294,0.9999999999999999,0.9999999999999998,64,0.9999999158638823,0.01474472088524359,57,57,6694.232681641064,0.0,0
475,118.75,274660.67782807676,4455.929067886639,2414.7150994248213,4626.896536292239,33288.04560856776,553.7358597516305,0.9999999999999999,0.9999999999999998,64,0.999999926380897,0.014804983127395695,57,57,6698.795470201947,0.0,0
476,119.0,274425.50710751774,4468.303335051285,2421.9119903705086,4642.753863881521,33484.48291732976,557.0407858489822,0.9999999999999999,0.9999999999999998,64,0.9999999355832848,0.01486525703599163,57,57,6703.323349389564,0.0,0
477,119.25,274189.7693903861,4480.625885430369,2429.085015125706,4658.584625163541,33681.578045285205,560.3570386088975,0.9999999999999999,0.9999999999999998,64,0.9999999436353743,0.014925540371409534,57,57,6707.816692137814,0.0,0
478,119.5,273953.46808614064,4492.895895404354,2436.233718761,4674.387978970699,33879.32972166772,563.684599055443,0.9999999999999999,0.9999999999999998,64,0.9999999506809525,0.014985830871372827,57,57,6712.275865781415,0.0,0
479,119.75,273716.6066454549,4505.1125413198915,2443.3576457847003,4690.163080057392,34077.73663977113,567.0234476118505,0.9999999999999999,0.9999999999999998,64,0.9999999568458334,0.015046126251327565,57,57,6716.70123216925,0.0,0
480,120.0,273479.18856011925,4517.274999589474,2450.4563401913465,4705.90907920348,34276.79745679864,570.3735640976058,0.9999999999999999,0.9999999999999998,64,0.9999999622401042,0.015106424204813129,57,57,6721.093147774819,0.0,0
